Workbook
Name GANADOR_REAL: LAMBDA(cell, cell2, cell3, cell4, IFS(ISBLANK(cell2),"",cell2>cell4,cell,cell4>cell2,cell3,CELL2=CELL4,"EMPATE"))
Name GOLES_FAVOR: LAMBDA(cell, cell2, cell3, CELL+CELL2+CELL3)
Name GANADOR_MARCADOR_POLLA: LAMBDA(cell1, cell2, cell3, cell4, IF(cell1>cell3,cell2,IF(cell3>cell1,cell4,"EMPATE")))
Name JUGADOS: LAMBDA(cell, cell2, cell3, IF(ISBLANK(cell),0,1)+IF(ISBLANK(cell2),0,1)+IF(ISBLANK(cell3),0,1))
Name GOLES_CONTRA: LAMBDA(cell, cell2, cell3, CELL+CELL2+CELL3)

Sheet Ganadores Parciales
A1: Nombre | B1: Puntaje Parcial Fase de Grupos | C1: Puntaje Parcial Octavos de Final | D1: Puntaje Cuartos de Final | E1: Puntajes Semi Final | F1: Puntajes Final | G1: Puntaje Acumulado
A2: ='Puntajes Fases de Grupos'!A3 -> Mauricio Perez (Mauro chef) | B2: ='Puntajes Fases de Grupos'!CT3 -> 92 | C2: =VLOOKUP(A2,'Puntajes Octavos de Final'!$A$3:$R$31,18,0) -> 19 | D2: =VLOOKUP(A2,'Puntajes Cuartos de Final'!$A$3:$J$31,10,0) -> 6 | E2: =VLOOKUP(A2,'Puntajes Semifinal'!$A$3:$F$31,6,0) -> 7 | F2: =VLOOKUP(A2,'Puntajes Final'!A3:F31,6,0) | G2: =SUM(B2,C2,D2,E2) -> 124
A3: ='Puntajes Fases de Grupos'!A25 -> El cuculeito del balon | B3: ='Puntajes Fases de Grupos'!CT25 -> 92 | C3: =VLOOKUP(A3,'Puntajes Octavos de Final'!$A$3:$R$31,18,0) -> 15 | D3: =VLOOKUP(A3,'Puntajes Cuartos de Final'!$A$3:$J$31,10,0) -> 6 | E3: =VLOOKUP(A3,'Puntajes Semifinal'!$A$3:$F$31,6,0) -> 3 | F3: =VLOOKUP(A3,'Puntajes Final'!A4:F32,6,0) -> #N/A | G3: =SUM(B3,C3,D3,E3) -> 116
A4: ='Puntajes Fases de Grupos'!A24 -> TV y Novelas | B4: ='Puntajes Fases de Grupos'!CT24 -> 82 | C4: =VLOOKUP(A4,'Puntajes Octavos de Final'!$A$3:$R$31,18,0) -> 24 | D4: =VLOOKUP(A4,'Puntajes Cuartos de Final'!$A$3:$J$31,10,0) -> 6 | E4: =VLOOKUP(A4,'Puntajes Semifinal'!$A$3:$F$31,6,0) -> 5 | F4: =VLOOKUP(A4,'Puntajes Final'!A5:F33,6,0) -> #N/A | G4: =SUM(B4,C4,D4,E4) -> 117
A5: ='Puntajes Fases de Grupos'!A23 -> Qatarsis 2.0 | B5: ='Puntajes Fases de Grupos'!CT23 -> 84 | C5: =VLOOKUP(A5,'Puntajes Octavos de Final'!$A$3:$R$31,18,0) -> 23 | D5: =VLOOKUP(A5,'Puntajes Cuartos de Final'!$A$3:$J$31,10,0) -> 4 | E5: =VLOOKUP(A5,'Puntajes Semifinal'!$A$3:$F$31,6,0) -> 0 | F5: =VLOOKUP(A5,'Puntajes Final'!A6:F34,6,0) -> #N/A | G5: =SUM(B5,C5,D5,E5) -> 111
A6: ='Puntajes Fases de Grupos'!A27 -> La Perripolla | B6: ='Puntajes Fases de Grupos'!CT27 -> 81 | C6: =VLOOKUP(A6,'Puntajes Octavos de Final'!$A$3:$R$31,18,0) -> 19 | D6: =VLOOKUP(A6,'Puntajes Cuartos de Final'!$A$3:$J$31,10,0) -> 8 | E6: =VLOOKUP(A6,'Puntajes Semifinal'!$A$3:$F$31,6,0) -> 3 | F6: =VLOOKUP(A6,'Puntajes Final'!A7:F35,6,0) -> #N/A | G6: =SUM(B6,C6,D6,E6) -> 111
A7: ='Puntajes Fases de Grupos'!A29 -> Lolita | B7: ='Puntajes Fases de Grupos'!CT29 -> 76 | C7: =VLOOKUP(A7,'Puntajes Octavos de Final'!$A$3:$R$31,18,0) -> 20 | D7: =VLOOKUP(A7,'Puntajes Cuartos de Final'!$A$3:$J$31,10,0) -> 3 | E7: =VLOOKUP(A7,'Puntajes Semifinal'!$A$3:$F$31,6,0) -> 5 | F7: =VLOOKUP(A7,'Puntajes Final'!A8:F36,6,0) -> #N/A | G7: =SUM(B7,C7,D7,E7) -> 104
A8: ='Puntajes Fases de Grupos'!A11 -> Luchismo | B8: ='Puntajes Fases de Grupos'!CT11 -> 74 | C8: =VLOOKUP(A8,'Puntajes Octavos de Final'!$A$3:$R$31,18,0) -> 15 | D8: =VLOOKUP(A8,'Puntajes Cuartos de Final'!$A$3:$J$31,10,0) -> 8 | E8: =VLOOKUP(A8,'Puntajes Semifinal'!$A$3:$F$31,6,0) -> 0 | F8: =VLOOKUP(A8,'Puntajes Final'!A9:F37,6,0) -> #N/A | G8: =SUM(B8,C8,D8,E8) -> 97
A9: ='Puntajes Fases de Grupos'!A28 -> Ana Maria Corpas | B9: ='Puntajes Fases de Grupos'!CT28 -> 79 | C9: =VLOOKUP(A9,'Puntajes Octavos de Final'!$A$3:$R$31,18,0) -> 15 | D9: =VLOOKUP(A9,'Puntajes Cuartos de Final'!$A$3:$J$31,10,0) -> 6 | E9: =VLOOKUP(A9,'Puntajes Semifinal'!$A$3:$F$31,6,0) -> 3 | F9: =VLOOKUP(A9,'Puntajes Final'!A10:F38,6,0) -> #N/A | G9: =SUM(B9,C9,D9,E9) -> 103
A10: ='Puntajes Fases de Grupos'!A20 -> Andres & Cia | B10: ='Puntajes Fases de Grupos'!CT20 -> 77 | C10: =VLOOKUP(A10,'Puntajes Octavos de Final'!$A$3:$R$31,18,0) -> 15 | D10: =VLOOKUP(A10,'Puntajes Cuartos de Final'!$A$3:$J$31,10,0) -> 3 | E10: =VLOOKUP(A10,'Puntajes Semifinal'!$A$3:$F$31,6,0) -> 2 | F10: =VLOOKUP(A10,'Puntajes Final'!A11:F39,6,0) -> #N/A | G10: =SUM(B10,C10,D10,E10) -> 97
A11: ='Puntajes Fases de Grupos'!A31 -> Leonardo Valencia Valencia | B11: ='Puntajes Fases de Grupos'!CT31 -> 73 | C11: =VLOOKUP(A11,'Puntajes Octavos de Final'!$A$3:$R$31,18,0) -> 18 | D11: =VLOOKUP(A11,'Puntajes Cuartos de Final'!$A$3:$J$31,10,0) -> 3 | E11: =VLOOKUP(A11,'Puntajes Semifinal'!$A$3:$F$31,6,0) -> 3 | F11: =VLOOKUP(A11,'Puntajes Final'!A12:F40,6,0) -> #N/A | G11: =SUM(B11,C11,D11,E11) -> 97
A12: ='Puntajes Fases de Grupos'!A14 -> Guanabano Indigente | B12: ='Puntajes Fases de Grupos'!CT14 -> 72 | C12: =VLOOKUP(A12,'Puntajes Octavos de Final'!$A$3:$R$31,18,0) -> 16 | D12: =VLOOKUP(A12,'Puntajes Cuartos de Final'!$A$3:$J$31,10,0) -> 8 | E12: =VLOOKUP(A12,'Puntajes Semifinal'!$A$3:$F$31,6,0) -> 5 | F12: =VLOOKUP(A12,'Puntajes Final'!A13:F41,6,0) -> #N/A | G12: =SUM(B12,C12,D12,E12) -> 101
A13: ='Puntajes Fases de Grupos'!A30 -> Club Atletico Vodka Juniors | B13: ='Puntajes Fases de Grupos'!CT30 -> 73 | C13: =VLOOKUP(A13,'Puntajes Octavos de Final'!$A$3:$R$31,18,0) -> 14 | D13: =VLOOKUP(A13,'Puntajes Cuartos de Final'!$A$3:$J$31,10,0) -> 6 | E13: =VLOOKUP(A13,'Puntajes Semifinal'!$A$3:$F$31,6,0) -> 5 | F13: =VLOOKUP(A13,'Puntajes Final'!A14:F42,6,0) -> #N/A | G13: =SUM(B13,C13,D13,E13) -> 98
A14: ='Puntajes Fases de Grupos'!A7 -> Emerson Alexis Gomez | B14: ='Puntajes Fases de Grupos'!CT7 -> 69 | C14: =VLOOKUP(A14,'Puntajes Octavos de Final'!$A$3:$R$31,18,0) -> 17 | D14: =VLOOKUP(A14,'Puntajes Cuartos de Final'!$A$3:$J$31,10,0) -> 7 | E14: =VLOOKUP(A14,'Puntajes Semifinal'!$A$3:$F$31,6,0) -> 0 | F14: =VLOOKUP(A14,'Puntajes Final'!A15:F43,6,0) -> #N/A | G14: =SUM(B14,C14,D14,E14) -> 93
A15: ='Puntajes Fases de Grupos'!A5 -> Pascual | B15: ='Puntajes Fases de Grupos'!CT5 -> 72 | C15: =VLOOKUP(A15,'Puntajes Octavos de Final'!$A$3:$R$31,18,0) -> 17 | D15: =VLOOKUP(A15,'Puntajes Cuartos de Final'!$A$3:$J$31,10,0) -> 3 | E15: =VLOOKUP(A15,'Puntajes Semifinal'!$A$3:$F$31,6,0) -> 5 | F15: =VLOOKUP(A15,'Puntajes Final'!A16:F44,6,0) -> #N/A | G15: =SUM(B15,C15,D15,E15) -> 97
A16: ='Puntajes Fases de Grupos'!A6 -> Juan Esteban Montoya Hincapie | B16: ='Puntajes Fases de Grupos'!CT6 -> 70 | C16: =VLOOKUP(A16,'Puntajes Octavos de Final'!$A$3:$R$31,18,0) -> 13 | D16: =VLOOKUP(A16,'Puntajes Cuartos de Final'!$A$3:$J$31,10,0) -> 9 | E16: =VLOOKUP(A16,'Puntajes Semifinal'!$A$3:$F$31,6,0) -> 3 | F16: =VLOOKUP(A16,'Puntajes Final'!A17:F45,6,0) -> #N/A | G16: =SUM(B16,C16,D16,E16) -> 95
A17: ='Puntajes Fases de Grupos'!A9 -> Casa VIII | B17: ='Puntajes Fases de Grupos'!CT9 -> 72 | C17: =VLOOKUP(A17,'Puntajes Octavos de Final'!$A$3:$R$31,18,0) -> 16 | D17: =VLOOKUP(A17,'Puntajes Cuartos de Final'!$A$3:$J$31,10,0) -> 2 | E17: =VLOOKUP(A17,'Puntajes Semifinal'!$A$3:$F$31,6,0) -> 7 | F17: =VLOOKUP(A17,'Puntajes Final'!A18:F46,6,0) -> #N/A | G17: =SUM(B17,C17,D17,E17) -> 97
A18: ='Puntajes Fases de Grupos'!A21 -> Las tejedoras | B18: ='Puntajes Fases de Grupos'!CT21 -> 72 | C18: =VLOOKUP(A18,'Puntajes Octavos de Final'!$A$3:$R$31,18,0) -> 14 | D18: =VLOOKUP(A18,'Puntajes Cuartos de Final'!$A$3:$J$31,10,0) -> 4 | E18: =VLOOKUP(A18,'Puntajes Semifinal'!$A$3:$F$31,6,0) -> 6 | F18: =VLOOKUP(A18,'Puntajes Final'!A19:F47,6,0) -> #N/A | G18: =SUM(B18,C18,D18,E18) -> 96
A19: ='Puntajes Fases de Grupos'!A26 -> Cristina Valentina Echeverri- Las fieras | B19: ='Puntajes Fases de Grupos'!CT26 -> 70 | C19: =VLOOKUP(A19,'Puntajes Octavos de Final'!$A$3:$R$31,18,0) -> 16 | D19: =VLOOKUP(A19,'Puntajes Cuartos de Final'!$A$3:$J$31,10,0) -> 2 | E19: =VLOOKUP(A19,'Puntajes Semifinal'!$A$3:$F$31,6,0) -> 3 | F19: =VLOOKUP(A19,'Puntajes Final'!A20:F48,6,0) -> #N/A | G19: =SUM(B19,C19,D19,E19) -> 91
A20: ='Puntajes Fases de Grupos'!A18 -> John Jaramillo-Diogenes Restrepo | B20: ='Puntajes Fases de Grupos'!CT18 -> 68 | C20: =VLOOKUP(A20,'Puntajes Octavos de Final'!$A$3:$R$31,18,0) -> 10 | D20: =VLOOKUP(A20,'Puntajes Cuartos de Final'!$A$3:$J$31,10,0) -> 8 | E20: =VLOOKUP(A20,'Puntajes Semifinal'!$A$3:$F$31,6,0) -> 3 | F20: =VLOOKUP(A20,'Puntajes Final'!A21:F49,6,0) -> #N/A | G20: =SUM(B20,C20,D20,E20) -> 89
A21: ='Puntajes Fases de Grupos'!A10 -> Luis Fermin Naranjo Artehourtua | B21: ='Puntajes Fases de Grupos'!CT10 -> 67 | C21: =VLOOKUP(A21,'Puntajes Octavos de Final'!$A$3:$R$31,18,0) -> 16 | D21: =VLOOKUP(A21,'Puntajes Cuartos de Final'!$A$3:$J$31,10,0) -> 2 | E21: =VLOOKUP(A21,'Puntajes Semifinal'!$A$3:$F$31,6,0) -> 6 | F21: =VLOOKUP(A21,'Puntajes Final'!A22:F50,6,0) -> #N/A | G21: =SUM(B21,C21,D21,E21) -> 91
A22: ='Puntajes Fases de Grupos'!A16 -> Marta Restrepo | B22: ='Puntajes Fases de Grupos'!CT16 -> 75 | C22: =VLOOKUP(A22,'Puntajes Octavos de Final'!$A$3:$R$31,18,0) -> 7 | D22: =VLOOKUP(A22,'Puntajes Cuartos de Final'!$A$3:$J$31,10,0) -> 2 | E22: =VLOOKUP(A22,'Puntajes Semifinal'!$A$3:$F$31,6,0) -> 3 | F22: =VLOOKUP(A22,'Puntajes Final'!A23:F51,6,0) -> #N/A | G22: =SUM(B22,C22,D22,E22) -> 87
A23: ='Puntajes Fases de Grupos'!A13 -> Alejandro Botero | B23: ='Puntajes Fases de Grupos'!CT13 -> 63 | C23: =VLOOKUP(A23,'Puntajes Octavos de Final'!$A$3:$R$31,18,0) -> 16 | D23: =VLOOKUP(A23,'Puntajes Cuartos de Final'!$A$3:$J$31,10,0) -> 4 | E23: =VLOOKUP(A23,'Puntajes Semifinal'!$A$3:$F$31,6,0) -> 3 | F23: =VLOOKUP(A23,'Puntajes Final'!A24:F52,6,0) -> #N/A | G23: =SUM(B23,C23,D23,E23) -> 86
A24: ='Puntajes Fases de Grupos'!A8 -> Pregunte por lo que no vea | B24: ='Puntajes Fases de Grupos'!CT8 -> 66 | C24: =VLOOKUP(A24,'Puntajes Octavos de Final'!$A$3:$R$31,18,0) -> 11 | D24: =VLOOKUP(A24,'Puntajes Cuartos de Final'!$A$3:$J$31,10,0) -> 6 | E24: =VLOOKUP(A24,'Puntajes Semifinal'!$A$3:$F$31,6,0) -> 4 | F24: =VLOOKUP(A24,'Puntajes Final'!A25:F53,6,0) -> #N/A | G24: =SUM(B24,C24,D24,E24) -> 87
A25: ='Puntajes Fases de Grupos'!A17 -> Alex Garcia | B25: ='Puntajes Fases de Grupos'!CT17 -> 64 | C25: =VLOOKUP(A25,'Puntajes Octavos de Final'!$A$3:$R$31,18,0) -> 16 | D25: =VLOOKUP(A25,'Puntajes Cuartos de Final'!$A$3:$J$31,10,0) -> 2 | E25: =VLOOKUP(A25,'Puntajes Semifinal'!$A$3:$F$31,6,0) -> 2 | F25: =VLOOKUP(A25,'Puntajes Final'!A26:F54,6,0) -> #N/A | G25: =SUM(B25,C25,D25,E25) -> 84
A26: ='Puntajes Fases de Grupos'!A15 -> Safiro y Acero | B26: ='Puntajes Fases de Grupos'!CT15 -> 63 | C26: =VLOOKUP(A26,'Puntajes Octavos de Final'!$A$3:$R$31,18,0) -> 15 | D26: =VLOOKUP(A26,'Puntajes Cuartos de Final'!$A$3:$J$31,10,0) -> 4 | E26: =VLOOKUP(A26,'Puntajes Semifinal'!$A$3:$F$31,6,0) -> 5 | F26: =VLOOKUP(A26,'Puntajes Final'!A27:F55,6,0) -> #N/A | G26: =SUM(B26,C26,D26,E26) -> 87
A27: ='Puntajes Fases de Grupos'!A19 -> Los Betancruz | B27: ='Puntajes Fases de Grupos'!CT19 -> 62 | C27: =VLOOKUP(A27,'Puntajes Octavos de Final'!$A$3:$R$31,18,0) -> 12 | D27: =VLOOKUP(A27,'Puntajes Cuartos de Final'!$A$3:$J$31,10,0) -> 6 | E27: =VLOOKUP(A27,'Puntajes Semifinal'!$A$3:$F$31,6,0) -> 3 | F27: =VLOOKUP(A27,'Puntajes Final'!A28:F56,6,0) -> #N/A | G27: =SUM(B27,C27,D27,E27) -> 83
A28: ='Puntajes Fases de Grupos'!A4 -> La qatarsis mundial | B28: ='Puntajes Fases de Grupos'!CT4 -> 55 | C28: =VLOOKUP(A28,'Puntajes Octavos de Final'!$A$3:$R$31,18,0) -> 14 | D28: =VLOOKUP(A28,'Puntajes Cuartos de Final'!$A$3:$J$31,10,0) -> 11 | E28: =VLOOKUP(A28,'Puntajes Semifinal'!$A$3:$F$31,6,0) -> 2 | F28: =VLOOKUP(A28,'Puntajes Final'!A29:F57,6,0) -> #N/A | G28: =SUM(B28,C28,D28,E28) -> 82
A29: ='Puntajes Fases de Grupos'!A22 -> Qatarsis 1.0 | B29: ='Puntajes Fases de Grupos'!CT22 -> 59 | C29: =VLOOKUP(A29,'Puntajes Octavos de Final'!$A$3:$R$31,18,0) -> 18 | D29: =VLOOKUP(A29,'Puntajes Cuartos de Final'!$A$3:$J$31,10,0) -> 4 | E29: =VLOOKUP(A29,'Puntajes Semifinal'!$A$3:$F$31,6,0) -> 1 | F29: =VLOOKUP(A29,'Puntajes Final'!A30:F58,6,0) -> #N/A | G29: =SUM(B29,C29,D29,E29) -> 82
A30: ='Puntajes Fases de Grupos'!A12 -> Lore Mira | B30: ='Puntajes Fases de Grupos'!CT12 -> 48 | C30: =VLOOKUP(A30,'Puntajes Octavos de Final'!$A$3:$R$31,18,0) -> 14 | D30: =VLOOKUP(A30,'Puntajes Cuartos de Final'!$A$3:$J$31,10,0) -> 5 | E30: =VLOOKUP(A30,'Puntajes Semifinal'!$A$3:$F$31,6,0) -> 0 | F30: =VLOOKUP(A30,'Puntajes Final'!A31:F59,6,0) -> #N/A | G30: =SUM(B30,C30,D30,E30) -> 67

Sheet Polla Final
D1: Argentina Vs Francia | F1: Croacia Vs Marruecos
A2: Marca temporal | B2: Dirección de correo electrónico | C2: Nombre | D2: Argentina | E2: Francia | F2: Croacia | G2: Marruecos
A3: 44911.507 | B3: boterovillegas2001@gmail.com | C3: Alejandro Botero | D3: 3 | E3: 1 | F3: 1 | G3: 3
A4: 44911.518 | B4: juandalr97@gmail.com | C4: Marta Restrepo | D4: 8 | E4: 0 | F4: 4 | G4: 4
A5: 44911.765 | B5: andrea.giraldogarcia@gmail.com | C5: Las Tejedoras | D5: 2 | E5: 2 | F5: 2 | G5: 0
A6: 44911.81 | B6: miralorena@gmail.com | C6: TV y Novelas | D6: 1 | E6: 0 | F6: 1 | G6: 2
A7: 44911.816 | B7: leonardo.valenciav@gmail.com | C7: Leonardo Valencia | D7: 2 | E7: 2 | F7: 3 | G7: 2
A8: 44911.827 | B8: mcuidador@gmail.com | C8: Mauricio Perez (Mauro chef) | D8: 1 | E8: 2 | F8: 1 | G8: 0
A9: 44911.87 | B9: vickastro8@gmail.com | C9: CasaVIII | D9: 2 | E9: 1 | F9: 0 | G9: 1
A10: 44911.887 | B10: miralorena@gmail.com | C10: Lore Mira | D10: 2 | E10: 1 | F10: 1 | G10: 1
A11: 44911.905 | B11: luisasanta@gmail.com | C11: La Qatarsis mundial | D11: 2 | E11: 2 | F11: 1 | G11: 2
A12: 44911.951 | B12: adri.patri74@gmail.com | C12: Zafiro y Acero | D12: 3 | E12: 1 | F12: 0 | G12: 2
A13: 44911.969 | B13: nanacorpas@gmail.com | C13: Ana Maria Corpas | D13: 1 | E13: 2 | F13: 2 | G13: 1
A14: 44911.975 | B14: juanmanuelmontoya@hotmail.com | C14: Cristina Valentina Echeverry-Las fieras | D14: 1 | E14: 1 | F14: 1 | G14: 2
... A17: 44912.483 | B17: danielabedoyamartinez@gmail.com | C17: Lolita | D17: 2 | E17: 1 | F17: 2 | G17: 1
C18: Andres y Cia. | D18: 3 | E18: 3 | F18: 2 | G18: 2
C19: Pregunte por lo que no vea | D19: 2 | E19: 0 | F19: 2 | G19: 1
C20: Pascual | D20: 1 | E20: 2 | F20: 1 | G20: 2
C21: El cuculeito del balon | D21: 2 | E21: 1 | F21: 2 | G21: 0
C22: Qatarsis 1.0 | D22: 1 | E22: 3 | F22: 2 | G22: 1
C23: Qatarsis 2.0 | D23: 2 | E23: 2 | F23: 0 | G23: 1
C24: John Jaramillo-Diogenes Restrepo | D24: 3 | E24: 1 | F24: 1 | G24: 2
C25: Luchismo | D25: 2 | E25: 1 | F25: 0 | G25: 1
C26: Guanabano Indigente | D26: 2 | E26: 1 | F26: 1 | G26: 1
C27: La Perripolla | D27: 3 | E27: 2 | F27: 2 | G27: 0

Sheet Pollas Semifinal
D1: Argentina Vs Croacia | F1: Francia Vs Marruecos
A2: Marca temporal | B2: Dirección de correo electrónico | C2: Nombre | D2: Argentina | E2: Croacia | F2: Francia | G2: Marruecos
A3: 44907.866 | B3: mcuidador@gmail.com | C3: Mauricio Perez (Mauro chef) | D3: 2 | E3: 1 | F3: 2 | G3: 0
A4: 44907.866 | B4: leonardo.valenciav@gmail.com | C4: Leonardo Valencia Valencia | D4: 1 | E4: 1 | F4: 2 | G4: 1
A5: 44907.867 | B5: marespezazul@msn.com | C5: Marta Restrepo | D5: 2 | E5: 0 | F5: 1 | G5: 1
A6: 44907.867 | B6: diegojoseduquegomez@gmail.com | C6: Emerson Alexis Gomez | D6: 1 | E6: 2 | F6: 0 | G6: 1
A7: 44907.868 | B7: luisasanta@gmail.com | C7: La qatarsis mundial | D7: 0 | E7: 0 | F7: 2 | G7: 3
A8: 44907.869 | B8: miralorena@gmail.com | C8: Lore Mira | D8: 1 | E8: 2 | F8: 0 | G8: 2
A9: 44907.87 | B9: miralorena@gmail.com | C9: TV y Novelas | D9: 1 | E9: 1 | F9: 2 | G9: 0
A10: 44907.871 | B10: luifernaranjo@gmail.com | C10: Luis Fermin Naranjo Artehourtua | D10: 3 | E10: 1 | F10: 2 | G10: 1
A11: 44907.874 | B11: andrea.giraldogarcia@gmail.com | C11: Las Tejedoras | D11: 1 | E11: 0 | F11: 1 | G11: 0
A12: 44907.884 | B12: danielabedoyamartinez@gmail.com | C12: Lolita | D12: 2 | E12: 1 | F12: 1 | G12: 0
A13: 44907.897 | B13: anambetancurj2022@gmail.com | C13: Los Betancruz | D13: 1 | E13: 1 | F13: 1 | G13: 0
A14: 44907.903 | B14: hadadelanoche00@gmail.com | C14: Qatarsis 1.0 | D14: 1 | E14: 2 | F14: 0 | G14: 0
... A31: 44908.698 | B31: gilipollaguanabano@gmail.com | C31: Guanabano Indigene | D31: 2 | E31: 1 | F31: 3 | G31: 0
C33: Safiro y Acero | D33: 2 | E33: 1 | F33: 2 | G33: 1
C34: John Jaramillo-Diogenes Restrepo | D34: 2 | E34: 0 | F34: 0 | G34: 1
C35: Luchismo | D35: 1 | E35: 1 | F35: 0 | G35: 1
C36: Cristina Valencia Echeverrri-Las fieras | D36: 1 | E36: 2 | F36: 2 | G36: 1
C37: La Perripolla | D37: 1 | E37: 1 | F37: 2 | G37: 1
C38: Ana María Corpas | D38: 1 | E38: 2 | F38: 3 | G38: 0
C39: Guanabano Indigente | D39: 2 | E39: 1 | F39: 3 | G39: 0

Sheet Pollas Cuartos de Final
D1: Croacia Vs Brasil | F1: Argentina Vs Paises Bajos | H1: Marruecos Vs Portugal | J1: Inglaterra Vs Francia
A2: Marca temporal | B2: Dirección de correo electrónico | C2: Nombre | D2: Croacia | E2: Brasil | F2: Argentina | G2: Paises Bajos | H2: Marruecos | I2: Portugal | J2: Inglaterra | K2: Francia
A3: 44903.538 | B3: diegojoseduquegomez@gmail.com | C3: Emerson Alexis Gomez | D3: 1 | E3: 4 | F3: 2 | G3: 3 | H3: 1 | I3: 2 | J3: 1 | K3: 2
A4: 44903.542 | B4: davidjaramillog@hotmail.com | C4: Club Atletico Vodka Juniors | D4: 1 | E4: 2 | F4: 2 | G4: 1 | H4: 0 | I4: 3 | J4: 1 | K4: 2
A5: 44903.546 | B5: danielabedoyamartinez@gmail.com | C5: Lolita | D5: 1 | E5: 3 | F5: 2 | G5: 1 | H5: 1 | I5: 2 | J5: 2 | K5: 2
A6: 44903.55 | B6: juanmontoya.derecho@gmail.com | C6: Juan Esteban Montoya Hincapie | D6: 1 | E6: 1 | F6: 2 | G6: 0 | H6: 2 | I6: 1 | J6: 1 | K6: 2
A7: 44903.552 | B7: boterovillegas2001@gmail.com | C7: Alejandro Botero | D7: 0 | E7: 1 | F7: 1 | G7: 1 | H7: 1 | I7: 2 | J7: 1 | K7: 1
A8: 44903.561 | B8: luisasanta@gmail.com | C8: La qatarsis mundial | D8: 1 | E8: 5 | F8: 2 | G8: 2 | H8: 1 | I8: 3 | J8: 1 | K8: 2
A9: 44903.563 | B9: miralorena@gmail.com | C9: Lore Mira | D9: 2 | E9: 0 | F9: 1 | G9: 3 | H9: 2 | I9: 0 | J9: 2 | K9: 2
A10: 44903.703 | B10: cristimesa26@gmail.com | C10: Pregunte por lo que no vea | D10: 1 | E10: 2 | F10: 2 | G10: 1 | H10: 3 | I10: 2 | J10: 0 | K10: 2
A11: 44903.746 | B11: vickastro8@gmail.com | C11: Casa VIII | D11: 1 | E11: 3 | F11: 2 | G11: 1 | H11: 0 | I11: 2 | J11: 2 | K11: 2
A12: 44903.775 | B12: axlgarcia1984@gmail.com | C12: Alex Garcia | D12: 1 | E12: 3 | F12: 1 | G12: 0 | H12: 1 | I12: 2 | J12: 2 | K12: 2
A13: 44903.805 | B13: juandalr97@gmail.com | C13: Marta Restrepo | D13: 1 | E13: 3 | F13: 5 | G13: 0 | H13: 1 | I13: 1 | J13: 2 | K13: 2
A14: 44903.81 | B14: mcuidador@gmail.com | C14: Mauricio Perez (Mauro chef) | D14: 1 | E14: 3 | F14: 1 | G14: 2 | H14: 0 | I14: 2 | J14: 1 | K14: 2
... A22: 44904.386 | B22: luifernaranjo@gmail.com | C22: Luis Fermin Naranjo Artehourtua | D22: 1 | E22: 3 | F22: 2 | G22: 1 | H22: 2 | I22: 2 | J22: 3 | K22: 2
C23: John Jaramillo-Diogenes Restrepo | D23: 0 | E23: 3 | F23: 2 | G23: 0 | H23: 1 | I23: 1 | J23: 1 | K23: 2
C24: Cristina Valentina Echeverri- Las fieras | D24: 2 | E24: 3 | F24: 1 | G24: 2 | H24: 0 | I24: 1 | J24: 2 | K24: 2
C25: Leonardo Valencia Valencia | D25: 1 | E25: 4 | F25: 3 | G25: 1 | H25: 2 | I25: 2 | J25: 1 | K25: 3
C26: Qatarsis 1.0 | D26: 0 | E26: 3 | F26: 1 | G26: 2 | H26: 1 | I26: 3 | J26: 3 | K26: 2
C27: Qatarsis 2.0 | D27: 0 | E27: 3 | F27: 2 | G27: 1 | H27: 1 | I27: 2 | J27: 2 | K27: 2
C28: La Perripolla | D28: 0 | E28: 2 | F28: 1 | G28: 1 | H28: 1 | I28: 2 | J28: 1 | K28: 2
C29: Guanabano Indigente | D29: 1 | E29: 3 | F29: 2 | G29: 2 | H29: 1 | I29: 1 | J29: 2 | K29: 3
C30: Safiro y Acero | D30: 0 | E30: 2 | F30: 1 | G30: 0 | H30: 1 | I30: 2 | J30: 2 | K30: 3
C31: Luchismo | D31: 0 | E31: 3 | F31: 2 | G31: 2 | H31: 1 | I31: 2 | J31: 1 | K31: 1

Sheet Pollas Octavos de Final
D1: 1A Vs 2B | F1: 1B Vs 2A | H1: 1C Vs 2D | J1: 1D Vs 2C | L1: 1E Vs 2F | N1: 1F Vs 2E | P1: 1G Vs 2H | R1: 1H Vs 2G
A2: Marca temporal | B2: Dirección de correo electrónico | C2: Nombre | D2: Paises Bajos | E2: Estados Unidos | F2: Inglaterra | G2: Senegal | H2: Argentina | I2: Australia | J2: Francia | K2: Polonia | L2: Japón | M2: Croacia | N2: Marruecos | O2: España | P2: Brasil | Q2: Corea del Sur | R2: Portugal | S2: Suiza
A3: 44897.76 | B3: boterovillegas2001@gmail.com | C3: Alejandro Botero | D3: 1 | E3: 0 | F3: 2 | G3: 1 | H3: 1 | I3: 0 | J3: 2 | K3: 1 | L3: 3 | M3: 1 | N3: 2 | O3: 2 | P3: 3 | Q3: 1 | R3: 1 | S3: 0
A4: 44897.768 | B4: nanacorpas@gmail.com | C4: Ana Maria Corpas | D4: 2 | E4: 1 | F4: 3 | G4: 1 | H4: 3 | I4: 0 | J4: 2 | K4: 1 | L4: 2 | M4: 0 | N4: 2 | O4: 2 | P4: 2 | Q4: 1 | R4: 2 | S4: 2
A5: 44897.77 | B5: juandalr97@gmail.com | C5: Marta Restrepo | D5: 1 | E5: 2 | F5: 2 | G5: 0 | H5: 3 | I5: 0 | J5: 1 | K5: 2 | L5: 2 | M5: 0 | N5: 1 | O5: 0 | P5: 1 | Q5: 2 | R5: 1 | S5: 1
A6: 44897.784 | B6: axlgarcia1984@gmail.com | C6: Alex Garcia | D6: 1 | E6: 1 | F6: 2 | G6: 1 | H6: 2 | I6: 0 | J6: 3 | K6: 1 | L6: 3 | M6: 1 | N6: 3 | O6: 2 | P6: 3 | Q6: 0 | R6: 2 | S6: 0
A7: 44897.798 | B7: miralorena@gmail.com | C7: Lore Mira | D7: 2 | E7: 1 | F7: 2 | G7: 2 | H7: 2 | I7: 0 | J7: 1 | K7: 1 | L7: 2 | M7: 1 | N7: 0 | O7: 2 | P7: 3 | Q7: 0 | R7: 2 | S7: 1
A8: 44897.801 | B8: andrea.giraldogarcia@gmail.com | C8: Las tejedoras | D8: 1 | E8: 2 | F8: 0 | G8: 0 | H8: 2 | I8: 0 | J8: 2 | K8: 0 | L8: 1 | M8: 1 | N8: 1 | O8: 1 | P8: 2 | Q8: 0 | R8: 1 | S8: 2
A9: 44897.804 | B9: diegojoseduquegomez@gmail.com | C9: Emerson Alexis Gomez | D9: 2 | E9: 1 | F9: 2 | G9: 1 | H9: 2 | I9: 0 | J9: 2 | K9: 1 | L9: 2 | M9: 0 | N9: 1 | O9: 0 | P9: 3 | Q9: 0 | R9: 2 | S9: 1
A10: 44897.832 | B10: davidjaramillog@hotmail.com | C10: Club Atletico Vodka Juniors | D10: 0 | E10: 1 | F10: 1 | G10: 0 | H10: 2 | I10: 0 | J10: 2 | K10: 0 | L10: 1 | M10: 0 | N10: 1 | O10: 2 | P10: 2 | Q10: 0 | R10: 2 | S10: 0
A11: 44897.833 | B11: juanmontoya.derecho@gmail.com | C11: Juan Esteban Montoya Hincapie | D11: 2 | E11: 1 | F11: 2 | G11: 1 | H11: 2 | I11: 0 | J11: 2 | K11: 0 | L11: 2 | M11: 1 | N11: 1 | O11: 2 | P11: 2 | Q11: 0 | R11: 1 | S11: 2
A12: 44897.834 | B12: danielabedoyamartinez@gmail.com | C12: Lolita | D12: 2 | E12: 1 | F12: 1 | G12: 0 | H12: 2 | I12: 0 | J12: 2 | K12: 0 | L12: 1 | M12: 1 | N12: 1 | O12: 3 | P12: 2 | Q12: 0 | R12: 2 | S12: 0
A13: 44897.852 | B13: mcuidador@gmail.com | C13: Mauricio Perez (Mauro chef) | D13: 2 | E13: 0 | F13: 1 | G13: 0 | H13: 2 | I13: 1 | J13: 3 | K13: 0 | L13: 2 | M13: 1 | N13: 0 | O13: 2 | P13: 2 | Q13: 0 | R13: 2 | S13: 0
A14: 44897.879 | B14: leonardo.valenciav@gmail.com | C14: Leonardo Valencia Valencia | D14: 2 | E14: 0 | F14: 3 | G14: 1 | H14: 2 | I14: 0 | J14: 2 | K14: 1 | L14: 1 | M14: 0 | N14: 1 | O14: 1 | P14: 3 | Q14: 1 | R14: 2 | S14: 0
... A19: 44898.402 | B19: cristimesa26@gmail.com | C19: Pregunte por lo que no vea | D19: 2 | E19: 1 | F19: 1 | G19: 1 | H19: 2 | I19: 0 | J19: 1 | K19: 0 | L19: 1 | M19: 2 | N19: 2 | O19: 3 | P19: 2 | Q19: 0 | R19: 2 | S19: 2
B20: lauracamersi803@gmail.com | C20: La Perripolla | D20: 1 | E20: 0 | F20: 3 | G20: 1 | H20: 2 | I20: 1 | J20: 2 | K20: 0 | L20: 2 | M20: 1 | N20: 1 | O20: 1 | P20: 3 | Q20: 0 | R20: 2 | S20: 1
C21: John Jaramillo-Diogenes Restrepo | D21: 1 | E21: 2 | F21: 1 | G21: 2 | H21: 2 | I21: 0 | J21: 2 | K21: 1 | L21: 1 | M21: 0 | N21: 2 | O21: 1 | P21: 1 | Q21: 0 | R21: 1 | S21: 1
B22: correavanegas25@gmail.com | C22: Andres & Cia | D22: 1 | E22: 1 | F22: 2 | G22: 1 | H22: 3 | I22: 0 | J22: 3 | K22: 1 | L22: 2 | M22: 3 | N22: 2 | O22: 2 | P22: 3 | Q22: 1 | R22: 1 | S22: 1
B23: manuelmontoya@yahoo.com | C23: Cristina Valentina Echeverri- Las fieras | D23: 2 | E23: 1 | F23: 3 | G23: 1 | H23: 4 | I23: 0 | J23: 3 | K23: 0 | L23: 0 | M23: 1 | N23: 1 | O23: 2 | P23: 2 | Q23: 1 | R23: 1 | S23: 1
B24: piritadehierro@gmail.com | C24: Safiro y Acero | D24: 2 | E24: 1 | F24: 3 | G24: 0 | H24: 3 | I24: 1 | J24: 2 | K24: 2 | L24: 2 | M24: 1 | N24: 2 | O24: 1 | P24: 2 | Q24: 1 | R24: 1 | S24: 3
B25: Qatarsis 1.0 | C25: Qatarsis 1.0 | D25: 2 | E25: 1 | F25: 3 | G25: 0 | H25: 2 | I25: 0 | J25: 3 | K25: 0 | L25: 1 | M25: 2 | N25: 2 | O25: 2 | P25: 2 | Q25: 0 | R25: 1 | S25: 2
B26: Qatarsis 2.0 | C26: Qatarsis 2.0 | D26: 2 | E26: 0 | F26: 1 | G26: 0 | H26: 2 | I26: 1 | J26: 3 | K26: 1 | L26: 1 | M26: 1 | N26: 2 | O26: 1 | P26: 3 | Q26: 0 | R26: 1 | S26: 1
B27: sandra.barrientos@udea.edu.co | C27: Guanabano Indigente | D27: 1 | E27: 1 | F27: 2 | G27: 1 | H27: 2 | I27: 1 | J27: 3 | K27: 0 | L27: 2 | M27: 1 | N27: 1 | O27: 1 | P27: 3 | Q27: 0 | R27: 1 | S27: 1
B28: anambetancurj2022@gmail.com | C28: Los Betancruz | D28: 1 | E28: 3 | F28: 1 | G28: 0 | H28: 2 | I28: 0 | J28: 3 | K28: 0 | L28: 2 | M28: 0 | N28: 1 | O28: 1 | P28: 2 | Q28: 0 | R28: 0 | S28: 0
C29: Luchismo | D29: 2 | E29: 1 | F29: 2 | G29: 2 | H29: 3 | I29: 1 | J29: 3 | K29: 0 | L29: 2 | M29: 0 | N29: 0 | O29: 1 | P29: 4 | Q29: 0 | R29: 3 | S29: 2
C30: Pascual | D30: 1 | E30: 2 | F30: 3 | G30: 0 | H30: 3 | I30: 0 | J30: 3 | K30: 0 | L30: 1 | M30: 2 | N30: 0 | O30: 2 | P30: 3 | Q30: 0 | R30: 2 | S30: 1
C31: El cuculeito del balon | D31: 2 | E31: 0 | F31: 2 | G31: 1 | H31: 2 | I31: 0 | J31: 2 | K31: 0 | L31: 0 | M31: 1 | N31: 0 | O31: 2 | P31: 2 | Q31: 0 | R31: 1 | S31: 0

Sheet Pollas Fase de Grupos
D1: Qatar vs Ecuador | F1: Senegal vs Paises Bajos | H1: Qatar vs Senegal | J1: Paises Bajos vs Ecuador | L1: Paises Bajos vs Qatar | N1: Ecuador vs Senegal | P1: Inglaterra vs Iran | R1: Estados Unidos vs Gales | T1: Inglaterra vs Estados Unidos | V1: Gales vs Iran | X1: Gales vs Inglaterra | Z1: Iran vs Estados Unidos | AB1: Argentina vs Arabia Saudita | AD1: Mexico vs Polonia | AF1: Argentina vs Mexico | AH1: Polonia vs Arabia Saudita | AJ1: Polonia vs Argentina | AL1: Arabia Saudita vs Mexico | AN1: Francia vs Australia | AP1: Dinamarca vs Tunez | AR1: Francia vs Dinamarca | AT1: Tunez vs Australia | AV1: Tunez vs Francia | AX1: Australia vs Dinamarca | AZ1: España vs Costa Rica | BB1: Alemania vs Japon | BD1: España vs Alemania | BF1: Japón vs Costa Rica | BH1: Japón vs España | BJ1: Costa Rica vs Alemania | BL1: Belgica vs Canada | BN1: Marruecos vs Croacia | BP1: Belgica vs Marruecos | BR1: Croacia vs Canada | BT1: Croacia vs Belgica | BV1: Canada vs Marruecos | BX1: Brasil vs Serbia | BZ1: Suiza vs Camerun | CB1: Brasil vs Suiza | CD1: Camerun vs Serbia | CF1: Camerun vs Brasil | CH1: Serbia vs Suiza | CJ1: Portugal vs Ghana | CL1: Uruguay vs Corea del Sur | CN1: Portugal vs Uruguay | CP1: Corea del Sur vs Ghana | CR1: Corea del Sur vs Portugal | CT1: Ghana vs Uruguay
A2: Marca temporal | B2: Dirección de correo electrónico | C2: Seleccione el Grupo | D2: Qatar | E2: Ecuador | F2: Senegal | G2: Paises Bajos | H2: Qatar | I2: Senegal | J2: Paises Bajos | K2: Ecuador | L2: Paises Bajos | M2: Qatar | N2: Ecuador | O2: Senegal | P2: Inglaterra | Q2: Iran | R2: Estados Unidos | S2: Gales | T2: Inglaterra | U2: Estados Unidos | V2: Gales | W2: Iran | X2: Gales | Y2: Inglaterra | Z2: Iran | AA2: Estados Unidos | AB2: Argentina | AC2: Arabia Saudita | AD2: Mexico | AE2: Polonia | AF2: Argentina | AG2: Mexico | AH2: Polonia | AI2: Arabia Saudita | AJ2: Polonia | AK2: Argentina | AL2: Arabia Saudita | AM2: Mexico | AN2: Francia | AO2: Australia | AP2: Dinamarca | AQ2: Tunez | AR2: Francia | AS2: Dinamarca | AT2: Tunez | AU2: Australia | AV2: Tunez | AW2: Francia | AX2: Australia | AY2: Dinamarca | AZ2: España | BA2: Costa Rica | BB2: Alemania | BC2: Japon | BD2: España | BE2: Alemania | BF2: Japon | BG2: Costa Rica | BH2: Japon | BI2: España | BJ2: Costa Rica | BK2: Alemania | BL2: Belgica | BM2: Canada | BN2: Marruecos | BO2: Croacia | BP2: Belgica | BQ2: Marruecos | BR2: Croacia | BS2: Canada | BT2: Croacia | BU2: Belgica | BV2: Canada | BW2: Marruecos | BX2: Brasil | BY2: Serbia | BZ2: Suiza | CA2: Camerun | CB2: Brasil | CC2: Suiza | CD2: Camerun | CE2: Serbia | CF2: Camerun | CG2: Brasil | CH2: Serbia | CI2: Suiza | CJ2: Portugal | CK2: Ghana | CL2: Uruguay | CM2: Corea del Sur | CN2: Portugal | CO2: Uruguay | CP2: Corea del Sur | CQ2: Ghana | CR2: Corea del Sur | CS2: Portugal | CT2: Ghana | CU2: Uruguay | CV2: Nombre | CW2: Goleador del mundial | CX2: Valla menos vencida | CY2: Equipo más goleador
A3: 44883.928 | B3: mcuidador@gmail.com | C3: Grupo H | D3: 1 | E3: 0 | F3: 0 | G3: 2 | H3: 0 | I3: 1 | J3: 2 | K3: 0 | L3: 2 | M3: 1 | N3: 1 | O3: 1 | P3: 2 | Q3: 0 | R3: 1 | S3: 1 | T3: 2 | U3: 0 | V3: 2 | W3: 1 | X3: 0 | Y3: 2 | Z3: 0 | AA3: 1 | AB3: 2 | AC3: 0 | AD3: 1 | AE3: 1 | AF3: 2 | AG3: 0 | AH3: 1 | AI3: 0 | AJ3: 1 | AK3: 2 | AL3: 0 | AM3: 2 | AN3: 3 | AO3: 0 | AP3: 2 | AQ3: 0 | AR3: 2 | AS3: 1 | AT3: 0 | AU3: 1 | AV3: 0 | AW3: 3 | AX3: 1 | AY3: 2 | AZ3: 2 | BA3: 0 | BB3: 2 | BC3: 0 | BD3: 1 | BE3: 2 | BF3: 1 | BG3: 1 | BH3: 0 | BI3: 2 | BJ3: 0 | BK3: 3 | BL3: 1 | BM3: 0 | BN3: 1 | BO3: 2 | BP3: 2 | BQ3: 0 | BR3: 2 | BS3: 1 | BT3: 0 | BU3: 1 | BV3: 0 | BW3: 2 | BX3: 2 | BY3: 0 | BZ3: 1 | CA3: 1 | CB3: 2 | CC3: 1 | CD3: 2 | CE3: 0 | CF3: 1 | CG3: 2 | CH3: 0 | CI3: 1 | CJ3: 2 | CK3: 0 | CL3: 1 | CM3: 0 | CN3: 1 | CO3: 0 | CP3: 0 | CQ3: 1 | CR3: 0 | CS3: 2 | CT3: 1 | CU3: 0 | CV3: Mauricio Perez (Mauro chef) | CW3: Kylian Mbappe | CX3: Francia | CY3: Francia
A4: 44884.511 | B4: luisasanta@gmail.com | C4: Grupo H | D4: 1 | E4: 2 | F4: 2 | G4: 3 | H4: 1 | I4: 1 | J4: 2 | K4: 0 | L4: 1 | M4: 1 | N4: 2 | O4: 2 | P4: 2 | Q4: 1 | R4: 0 | S4: 0 | T4: 3 | U4: 0 | V4: 2 | W4: 2 | X4: 3 | Y4: 3 | Z4: 1 | AA4: 0 | AB4: 3 | AC4: 1 | AD4: 2 | AE4: 0 | AF4: 1 | AG4: 1 | AH4: 2 | AI4: 1 | AJ4: 0 | AK4: 0 | AL4: 0 | AM4: 0 | AN4: 4 | AO4: 0 | AP4: 1 | AQ4: 0 | AR4: 1 | AS4: 1 | AT4: 0 | AU4: 0 | AV4: 0 | AW4: 2 | AX4: 1 | AY4: 2 | AZ4: 3 | BA4: 2 | BB4: 5 | BC4: 1 | BD4: 0 | BE4: 1 | BF4: 1 | BG4: 2 | BH4: 0 | BI4: 3 | BJ4: 1 | BK4: 1 | BL4: 3 | BM4: 0 | BN4: 0 | BO4: 1 | BP4: 2 | BQ4: 1 | BR4: 2 | BS4: 0 | BT4: 1 | BU4: 1 | BV4: 0 | BW4: 0 | BX4: 3 | BY4: 1 | BZ4: 0 | CA4: 0 | CB4: 2 | CC4: 1 | CD4: 1 | CE4: 1 | CF4: 2 | CG4: 2 | CH4: 0 | CI4: 1 | CJ4: 2 | CK4: 0 | CL4: 0 | CM4: 0 | CN4: 2 | CO4: 2 | CP4: 0 | CQ4: 1 | CR4: 0 | CS4: 4 | CT4: 1 | CU4: 3 | CV4: La qatarsis mundial | CW4: Kylian Mbappe | CX4: Argentina | CY4: Brasil
A5: 44884.517 | B5: rabodeajip@hotmail.com | C5: Grupo H | D5: 1 | E5: 1 | F5: 0 | G5: 2 | H5: 1 | I5: 2 | J5: 2 | K5: 0 | L5: 3 | M5: 1 | N5: 1 | O5: 1 | P5: 3 | Q5: 0 | R5: 2 | S5: 0 | T5: 1 | U5: 0 | V5: 0 | W5: 0 | X5: 1 | Y5: 2 | Z5: 0 | AA5: 1 | AB5: 3 | AC5: 0 | AD5: 1 | AE5: 1 | AF5: 2 | AG5: 0 | AH5: 2 | AI5: 1 | AJ5: 0 | AK5: 1 | AL5: 0 | AM5: 2 | AN5: 2 | AO5: 0 | AP5: 1 | AQ5: 0 | AR5: 2 | AS5: 2 | AT5: 2 | AU5: 1 | AV5: 1 | AW5: 3 | AX5: 0 | AY5: 1 | AZ5: 2 | BA5: 0 | BB5: 2 | BC5: 0 | BD5: 2 | BE5: 1 | BF5: 1 | BG5: 1 | BH5: 1 | BI5: 2 | BJ5: 0 | BK5: 3 | BL5: 2 | BM5: 1 | BN5: 1 | BO5: 1 | BP5: 2 | BQ5: 0 | BR5: 2 | BS5: 2 | BT5: 2 | BU5: 2 | BV5: 2 | BW5: 1 | BX5: 2 | BY5: 0 | BZ5: 1 | CA5: 1 | CB5: 3 | CC5: 0 | CD5: 1 | CE5: 2 | CF5: 1 | CG5: 3 | CH5: 2 | CI5: 0 | CJ5: 2 | CK5: 1 | CL5: 0 | CM5: 0 | CN5: 3 | CO5: 1 | CP5: 1 | CQ5: 1 | CR5: 1 | CS5: 2 | CT5: 1 | CU5: 1 | CV5: Pascual | CW5: Neymar | CX5: Argentina | CY5: Brasil
A6: 44884.867 | B6: juanmontoya.derecho@gmail.com | C6: Grupo H | D6: 0 | E6: 2 | F6: 1 | G6: 3 | H6: 0 | I6: 1 | J6: 2 | K6: 1 | L6: 3 | M6: 0 | N6: 2 | O6: 1 | P6: 3 | Q6: 1 | R6: 2 | S6: 1 | T6: 2 | U6: 1 | V6: 1 | W6: 1 | X6: 1 | Y6: 2 | Z6: 0 | AA6: 2 | AB6: 4 | AC6: 0 | AD6: 1 | AE6: 0 | AF6: 2 | AG6: 0 | AH6: 2 | AI6: 0 | AJ6: 1 | AK6: 3 | AL6: 1 | AM6: 2 | AN6: 2 | AO6: 1 | AP6: 2 | AQ6: 0 | AR6: 2 | AS6: 2 | AT6: 1 | AU6: 1 | AV6: 1 | AW6: 2 | AX6: 1 | AY6: 2 | AZ6: 2 | BA6: 1 | BB6: 2 | BC6: 0 | BD6: 2 | BE6: 1 | BF6: 1 | BG6: 1 | BH6: 0 | BI6: 1 | BJ6: 1 | BK6: 3 | BL6: 2 | BM6: 0 | BN6: 1 | BO6: 2 | BP6: 2 | BQ6: 1 | BR6: 1 | BS6: 1 | BT6: 1 | BU6: 2 | BV6: 1 | BW6: 1 | BX6: 1 | BY6: 1 | BZ6: 1 | CA6: 1 | CB6: 2 | CC6: 0 | CD6: 2 | CE6: 1 | CF6: 1 | CG6: 1 | CH6: 2 | CI6: 1 | CJ6: 2 | CK6: 1 | CL6: 2 | CM6: 1 | CN6: 1 | CO6: 2 | CP6: 1 | CQ6: 2 | CR6: 1 | CS6: 2 | CT6: 0 | CU6: 1 | CV6: Juan Esteban Montoya Hincapie | CW6: Lautaro Martínez | CX6: Bélgica | CY6: Argentina
A7: 44884.517 | B7: diegojoseduquegomez@gmail.com | C7: Grupo H | D7: 0 | E7: 2 | F7: 0 | G7: 1 | H7: 1 | I7: 2 | J7: 2 | K7: 2 | L7: 2 | M7: 0 | N7: 0 | O7: 1 | P7: 2 | Q7: 0 | R7: 1 | S7: 0 | T7: 2 | U7: 1 | V7: 2 | W7: 0 | X7: 0 | Y7: 3 | Z7: 0 | AA7: 0 | AB7: 3 | AC7: 0 | AD7: 2 | AE7: 2 | AF7: 3 | AG7: 1 | AH7: 2 | AI7: 0 | AJ7: 0 | AK7: 0 | AL7: 1 | AM7: 1 | AN7: 2 | AO7: 1 | AP7: 1 | AQ7: 0 | AR7: 2 | AS7: 0 | AT7: 1 | AU7: 1 | AV7: 1 | AW7: 3 | AX7: 0 | AY7: 0 | AZ7: 2 | BA7: 0 | BB7: 1 | BC7: 0 | BD7: 2 | BE7: 2 | BF7: 2 | BG7: 0 | BH7: 1 | BI7: 2 | BJ7: 1 | BK7: 4 | BL7: 2 | BM7: 1 | BN7: 1 | BO7: 2 | BP7: 1 | BQ7: 1 | BR7: 2 | BS7: 2 | BT7: 1 | BU7: 0 | BV7: 2 | BW7: 1 | BX7: 4 | BY7: 0 | BZ7: 1 | CA7: 2 | CB7: 3 | CC7: 0 | CD7: 2 | CE7: 1 | CF7: 2 | CG7: 4 | CH7: 1 | CI7: 1 | CJ7: 2 | CK7: 1 | CL7: 2 | CM7: 1 | CN7: 2 | CO7: 2 | CP7: 2 | CQ7: 1 | CR7: 1 | CS7: 3 | CT7: 2 | CU7: 2 | CV7: Emerson Alexis Gomez | CW7: Gabriel Badsa | CX7: Alemania | CY7: Brasil
A8: 44884.517 | B8: cristimesa26@gmail.com | C8: Grupo H | D8: 1 | E8: 2 | F8: 0 | G8: 3 | H8: 0 | I8: 2 | J8: 2 | K8: 0 | L8: 5 | M8: 0 | N8: 1 | O8: 3 | P8: 4 | Q8: 0 | R8: 0 | S8: 1 | T8: 2 | U8: 1 | V8: 2 | W8: 1 | X8: 1 | Y8: 1 | Z8: 0 | AA8: 1 | AB8: 4 | AC8: 0 | AD8: 1 | AE8: 1 | AF8: 2 | AG8: 1 | AH8: 2 | AI8: 0 | AJ8: 1 | AK8: 3 | AL8: 0 | AM8: 1 | AN8: 3 | AO8: 0 | AP8: 2 | AQ8: 1 | AR8: 1 | AS8: 1 | AT8: 1 | AU8: 0 | AV8: 1 | AW8: 3 | AX8: 0 | AY8: 1 | AZ8: 2 | BA8: 0 | BB8: 3 | BC8: 1 | BD8: 0 | BE8: 1 | BF8: 2 | BG8: 2 | BH8: 0 | BI8: 1 | BJ8: 0 | BK8: 2 | BL8: 2 | BM8: 1 | BN8: 1 | BO8: 1 | BP8: 3 | BQ8: 2 | BR8: 2 | BS8: 0 | BT8: 0 | BU8: 1 | BV8: 0 | BW8: 1 | BX8: 0 | BY8: 1 | BZ8: 0 | CA8: 2 | CB8: 3 | CC8: 0 | CD8: 1 | CE8: 1 | CF8: 0 | CG8: 4 | CH8: 2 | CI8: 1 | CJ8: 1 | CK8: 0 | CL8: 3 | CM8: 0 | CN8: 1 | CO8: 1 | CP8: 0 | CQ8: 2 | CR8: 1 | CS8: 3 | CT8: 0 | CU8: 1 | CV8: Pregunte por lo que no vea | CW8: Lionel Messi | CX8: Alemania | CY8: Argentina
A9: 44884.517 | B9: vickastro8@gmail.com | C9: Grupo H | D9: 0 | E9: 1 | F9: 1 | G9: 2 | H9: 0 | I9: 2 | J9: 1 | K9: 0 | L9: 3 | M9: 0 | N9: 1 | O9: 1 | P9: 3 | Q9: 0 | R9: 2 | S9: 1 | T9: 2 | U9: 0 | V9: 1 | W9: 0 | X9: 1 | Y9: 2 | Z9: 1 | AA9: 3 | AB9: 4 | AC9: 0 | AD9: 1 | AE9: 0 | AF9: 2 | AG9: 1 | AH9: 2 | AI9: 0 | AJ9: 1 | AK9: 3 | AL9: 0 | AM9: 3 | AN9: 2 | AO9: 0 | AP9: 1 | AQ9: 0 | AR9: 2 | AS9: 1 | AT9: 1 | AU9: 1 | AV9: 0 | AW9: 1 | AX9: 0 | AY9: 0 | AZ9: 2 | BA9: 1 | BB9: 2 | BC9: 1 | BD9: 0 | BE9: 1 | BF9: 1 | BG9: 0 | BH9: 1 | BI9: 2 | BJ9: 0 | BK9: 3 | BL9: 2 | BM9: 0 | BN9: 0 | BO9: 1 | BP9: 1 | BQ9: 0 | BR9: 1 | BS9: 0 | BT9: 2 | BU9: 2 | BV9: 0 | BW9: 1 | BX9: 4 | BY9: 0 | BZ9: 0 | CA9: 2 | CB9: 3 | CC9: 0 | CD9: 2 | CE9: 1 | CF9: 1 | CG9: 3 | CH9: 0 | CI9: 0 | CJ9: 2 | CK9: 0 | CL9: 1 | CM9: 0 | CN9: 2 | CO9: 1 | CP9: 1 | CQ9: 1 | CR9: 0 | CS9: 3 | CT9: 0 | CU9: 1 | CV9: Casa VIII | CW9: Lionel Messi | CX9: Alemania | CY9: Brasil
A10: 44884.517 | B10: luisfernnaranjo@gmail.com | C10: Grupo H | D10: 1 | E10: 0 | F10: 1 | G10: 2 | H10: 2 | I10: 1 | J10: 3 | K10: 1 | L10: 2 | M10: 0 | N10: 2 | O10: 1 | P10: 4 | Q10: 0 | R10: 1 | S10: 1 | T10: 3 | U10: 1 | V10: 2 | W10: 0 | X10: 1 | Y10: 2 | Z10: 0 | AA10: 1 | AB10: 3 | AC10: 1 | AD10: 1 | AE10: 2 | AF10: 3 | AG10: 1 | AH10: 4 | AI10: 1 | AJ10: 2 | AK10: 2 | AL10: 0 | AM10: 2 | AN10: 2 | AO10: 0 | AP10: 3 | AQ10: 1 | AR10: 2 | AS10: 1 | AT10: 3 | AU10: 2 | AV10: 1 | AW10: 2 | AX10: 0 | AY10: 3 | AZ10: 4 | BA10: 0 | BB10: 3 | BC10: 1 | BD10: 2 | BE10: 2 | BF10: 2 | BG10: 1 | BH10: 0 | BI10: 2 | BJ10: 0 | BK10: 5 | BL10: 2 | BM10: 0 | BN10: 0 | BO10: 1 | BP10: 2 | BQ10: 1 | BR10: 3 | BS10: 0 | BT10: 1 | BU10: 0 | BV10: 1 | BW10: 3 | BX10: 4 | BY10: 1 | BZ10: 1 | CA10: 2 | CB10: 2 | CC10: 1 | CD10: 2 | CE10: 0 | CF10: 2 | CG10: 2 | CH10: 0 | CI10: 1 | CJ10: 2 | CK10: 1 | CL10: 4 | CM10: 1 | CN10: 1 | CO10: 1 | CP10: 1 | CQ10: 2 | CR10: 1 | CS10: 3 | CT10: 2 | CU10: 3 | CV10: Luis Fermin Naranjo Artehourtua | CW10: Vinicius Jose | CX10: Alemania | CY10: Brasil
A11: 44884.517 | B11: sandra.barrientos@udea.edu.co | C11: Grupo H | D11: 1 | E11: 1 | F11: 0 | G11: 2 | H11: 0 | I11: 2 | J11: 3 | K11: 1 | L11: 2 | M11: 1 | N11: 2 | O11: 1 | P11: 3 | Q11: 0 | R11: 1 | S11: 1 | T11: 2 | U11: 1 | V11: 2 | W11: 0 | X11: 1 | Y11: 1 | Z11: 0 | AA11: 3 | AB11: 4 | AC11: 0 | AD11: 1 | AE11: 2 | AF11: 3 | AG11: 0 | AH11: 4 | AI11: 0 | AJ11: 1 | AK11: 2 | AL11: 0 | AM11: 2 | AN11: 2 | AO11: 0 | AP11: 1 | AQ11: 0 | AR11: 1 | AS11: 1 | AT11: 1 | AU11: 0 | AV11: 0 | AW11: 1 | AX11: 0 | AY11: 2 | AZ11: 3 | BA11: 0 | BB11: 2 | BC11: 0 | BD11: 0 | BE11: 1 | BF11: 2 | BG11: 0 | BH11: 0 | BI11: 3 | BJ11: 0 | BK11: 1 | BL11: 3 | BM11: 0 | BN11: 0 | BO11: 2 | BP11: 3 | BQ11: 1 | BR11: 3 | BS11: 0 | BT11: 0 | BU11: 1 | BV11: 0 | BW11: 2 | BX11: 2 | BY11: 0 | BZ11: 1 | CA11: 0 | CB11: 3 | CC11: 0 | CD11: 1 | CE11: 2 | CF11: 0 | CG11: 4 | CH11: 1 | CI11: 0 | CJ11: 4 | CK11: 0 | CL11: 3 | CM11: 1 | CN11: 2 | CO11: 1 | CP11: 0 | CQ11: 1 | CR11: 0 | CS11: 2 | CT11: 0 | CU11: 3 | CV11: Luchismo | CW11: Vinicius Jose | CX11: Brasil | CY11: Argentina
A12: 44884.517 | B12: miralorena@gmail.com | C12: Grupo H | D12: 2 | E12: 0 | F12: 2 | G12: 1 | H12: 1 | I12: 1 | J12: 3 | K12: 2 | L12: 1 | M12: 2 | N12: 2 | O12: 1 | P12: 0 | Q12: 1 | R12: 0 | S12: 1 | T12: 2 | U12: 0 | V12: 2 | W12: 1 | X12: 0 | Y12: 2 | Z12: 2 | AA12: 1 | AB12: 3 | AC12: 0 | AD12: 2 | AE12: 1 | AF12: 2 | AG12: 1 | AH12: 1 | AI12: 3 | AJ12: 2 | AK12: 2 | AL12: 1 | AM12: 3 | AN12: 2 | AO12: 1 | AP12: 3 | AQ12: 1 | AR12: 3 | AS12: 3 | AT12: 1 | AU12: 2 | AV12: 0 | AW12: 3 | AX12: 1 | AY12: 4 | AZ12: 2 | BA12: 3 | BB12: 3 | BC12: 0 | BD12: 0 | BE12: 2 | BF12: 1 | BG12: 0 | BH12: 0 | BI12: 0 | BJ12: 1 | BK12: 3 | BL12: 3 | BM12: 0 | BN12: 4 | BO12: 1 | BP12: 2 | BQ12: 1 | BR12: 0 | BS12: 1 | BT12: 1 | BU12: 2 | BV12: 2 | BW12: 2 | BX12: 4 | BY12: 2 | BZ12: 2 | CA12: 0 | CB12: 2 | CC12: 0 | CD12: 0 | CE12: 0 | CF12: 2 | CG12: 2 | CH12: 1 | CI12: 2 | CJ12: 3 | CK12: 1 | CL12: 3 | CM12: 0 | CN12: 1 | CO12: 1 | CP12: 1 | CQ12: 2 | CR12: 2 | CS12: 3 | CT12: 1 | CU12: 2 | CV12: Lore Mira | CW12: Neymar | CX12: Alemania | CY12: Brasil
A13: 44884.517 | B13: boterovillegas2001@gmail.com | C13: Grupo H | D13: 1 | E13: 2 | F13: 2 | G13: 2 | H13: 0 | I13: 2 | J13: 2 | K13: 1 | L13: 2 | M13: 0 | N13: 2 | O13: 2 | P13: 2 | Q13: 0 | R13: 0 | S13: 1 | T13: 2 | U13: 1 | V13: 1 | W13: 0 | X13: 2 | Y13: 2 | Z13: 0 | AA13: 2 | AB13: 2 | AC13: 0 | AD13: 0 | AE13: 2 | AF13: 3 | AG13: 1 | AH13: 2 | AI13: 0 | AJ13: 2 | AK13: 2 | AL13: 1 | AM13: 2 | AN13: 3 | AO13: 1 | AP13: 2 | AQ13: 0 | AR13: 1 | AS13: 1 | AT13: 2 | AU13: 1 | AV13: 1 | AW13: 2 | AX13: 1 | AY13: 2 | AZ13: 3 | BA13: 0 | BB13: 3 | BC13: 0 | BD13: 1 | BE13: 2 | BF13: 2 | BG13: 2 | BH13: 1 | BI13: 2 | BJ13: 0 | BK13: 2 | BL13: 3 | BM13: 1 | BN13: 0 | BO13: 2 | BP13: 2 | BQ13: 0 | BR13: 2 | BS13: 0 | BT13: 1 | BU13: 2 | BV13: 1 | BW13: 0 | BX13: 2 | BY13: 1 | BZ13: 2 | CA13: 2 | CB13: 3 | CC13: 1 | CD13: 2 | CE13: 2 | CF13: 0 | CG13: 2 | CH13: 1 | CI13: 2 | CJ13: 2 | CK13: 2 | CL13: 2 | CM13: 0 | CN13: 1 | CO13: 2 | CP13: 1 | CQ13: 2 | CR13: 0 | CS13: 3 | CT13: 1 | CU13: 1 | CV13: Alejandro Botero | CW13: Neymar | CX13: Inglaterra | CY13: Brasil
A14: 44884.517 | B14: sandra.barrientos@udea.edu.co | C14: Grupo H | D14: 1 | E14: 1 | F14: 0 | G14: 2 | H14: 1 | I14: 1 | J14: 1 | K14: 2 | L14: 2 | M14: 0 | N14: 2 | O14: 1 | P14: 2 | Q14: 0 | R14: 2 | S14: 0 | T14: 2 | U14: 1 | V14: 0 | W14: 0 | X14: 1 | Y14: 3 | Z14: 0 | AA14: 3 | AB14: 3 | AC14: 0 | AD14: 2 | AE14: 1 | AF14: 1 | AG14: 0 | AH14: 0 | AI14: 1 | AJ14: 0 | AK14: 3 | AL14: 0 | AM14: 2 | AN14: 1 | AO14: 0 | AP14: 3 | AQ14: 0 | AR14: 1 | AS14: 2 | AT14: 1 | AU14: 1 | AV14: 0 | AW14: 2 | AX14: 0 | AY14: 2 | AZ14: 2 | BA14: 2 | BB14: 2 | BC14: 1 | BD14: 2 | BE14: 2 | BF14: 0 | BG14: 1 | BH14: 2 | BI14: 3 | BJ14: 0 | BK14: 3 | BL14: 1 | BM14: 0 | BN14: 0 | BO14: 1 | BP14: 1 | BQ14: 0 | BR14: 2 | BS14: 1 | BT14: 1 | BU14: 1 | BV14: 1 | BW14: 1 | BX14: 1 | BY14: 0 | BZ14: 2 | CA14: 1 | CB14: 2 | CC14: 1 | CD14: 0 | CE14: 2 | CF14: 0 | CG14: 3 | CH14: 0 | CI14: 1 | CJ14: 3 | CK14: 1 | CL14: 2 | CM14: 1 | CN14: 2 | CO14: 2 | CP14: 1 | CQ14: 0 | CR14: 1 | CS14: 2 | CT14: 0 | CU14: 2 | CV14: Guanabano Indigente | CW14: Lautaro Martínez | CX14: Brasil | CY14: Argentina
... A31: 44885.517 | B31: leonardo.valencia@gmail.com | C31: Grupo H | D31: 1 | E31: 1 | F31: 0 | G31: 1 | H31: 2 | I31: 0 | J31: 2 | K31: 1 | L31: 1 | M31: 0 | N31: 1 | O31: 0 | P31: 2 | Q31: 1 | R31: 1 | S31: 0 | T31: 2 | U31: 1 | V31: 1 | W31: 1 | X31: 0 | Y31: 2 | Z31: 0 | AA31: 1 | AB31: 2 | AC31: 1 | AD31: 1 | AE31: 1 | AF31: 2 | AG31: 1 | AH31: 0 | AI31: 0 | AJ31: 0 | AK31: 2 | AL31: 1 | AM31: 2 | AN31: 1 | AO31: 0 | AP31: 2 | AQ31: 0 | AR31: 2 | AS31: 1 | AT31: 0 | AU31: 1 | AV31: 0 | AW31: 2 | AX31: 1 | AY31: 1 | AZ31: 2 | BA31: 0 | BB31: 2 | BC31: 1 | BD31: 2 | BE31: 1 | BF31: 2 | BG31: 0 | BH31: 1 | BI31: 2 | BJ31: 0 | BK31: 3 | BL31: 2 | BM31: 1 | BN31: 0 | BO31: 2 | BP31: 2 | BQ31: 0 | BR31: 2 | BS31: 1 | BT31: 2 | BU31: 2 | BV31: 2 | BW31: 1 | BX31: 2 | BY31: 0 | BZ31: 1 | CA31: 1 | CB31: 2 | CC31: 1 | CD31: 2 | CE31: 1 | CF31: 0 | CG31: 2 | CH31: 1 | CI31: 1 | CJ31: 2 | CK31: 1 | CL31: 2 | CM31: 1 | CN31: 2 | CO31: 2 | CP31: 1 | CQ31: 2 | CR31: 0 | CS31: 1 | CT31: 1 | CU31: 1 | CV31: Leonardo Valencia Valencia | CW31: Leonel Messi | CX31: Brasil | CY31: Argentina

Sheet Puntajes Final
A1: Nombre | B1: Argentina Vs Francia | D1: Croacia Vs Marruecos
B2: Ganador | C2: Puntaje | D2: Ganador | E2: Puntaje | F2: Puntaje Parcial
A3: ='Polla Final'!C18 -> Andres y Cia. | B3: =GANADOR_MARCADOR_POLLA('Polla Final'!D18,'Polla Final'!D2,'Polla Final'!E18,'Polla Final'!E2) -> EMPATE | C3: =PUNTAJE_GANADORES('Polla Final'!D18,'Resultados Oficiales Final'!$C$3,'Polla Final'!E18,'Resultados Oficiales Final'!$D$3,B3,'Resultados Oficiales Final'!$F$3) -> 1 | D3: =GANADOR_MARCADOR_POLLA('Polla Final'!F18,'Polla Final'!F2,'Polla Final'!G18,'Polla Final'!G2) -> EMPATE | E3: =PUNTAJE_GANADORES('Polla Final'!F18,'Resultados Oficiales Final'!$C$2,'Polla Final'!G18,'Resultados Oficiales Final'!$D$2,D3,'Resultados Oficiales Final'!$F$2) -> 1 | F3: =SUM(C3,E3) -> 2
A4: Mauricio Perez (Mauro chef)

Sheet Puntajes Semifinal
A1: Nombre | B1: Argentina Vs Croacia | D1: Francia Vs Marruecos
B2: Ganador | C2: Puntaje | D2: Ganador | E2: Puntaje | F2: Puntaje Parcial
A3: ='Pollas Semifinal'!C3 -> Mauricio Perez (Mauro chef) | B3: =GANADOR_MARCADOR_POLLA('Pollas Semifinal'!D3,'Pollas Semifinal'!$D$2,'Pollas Semifinal'!E3,'Pollas Semifinal'!$E$2) -> Argentina | C3: =PUNTAJE_GANADORES('Pollas Semifinal'!D3,'Resultados SemiFinal Oficiales'!$C$2,'Pollas Semifinal'!E3,'Resultados SemiFinal Oficiales'!$D$2,B3,'Resultados SemiFinal Oficiales'!$F$2) -> 2 | D3: =GANADOR_MARCADOR_POLLA('Pollas Semifinal'!F3,'Pollas Semifinal'!$F$2,'Pollas Semifinal'!G3,'Pollas Semifinal'!$G$2) -> Francia | E3: =PUNTAJE_GANADORES('Pollas Semifinal'!F3,'Resultados SemiFinal Oficiales'!$C$3,'Pollas Semifinal'!G3,'Resultados SemiFinal Oficiales'!$D$3,D3,'Resultados SemiFinal Oficiales'!$F$3) -> 5 | F3: =SUM(C3,E3) -> 7
A4: ='Pollas Semifinal'!C4 -> Leonardo Valencia Valencia | B4: =GANADOR_MARCADOR_POLLA('Pollas Semifinal'!D4,'Pollas Semifinal'!$D$2,'Pollas Semifinal'!E4,'Pollas Semifinal'!$E$2) -> EMPATE | C4: =PUNTAJE_GANADORES('Pollas Semifinal'!D4,'Resultados SemiFinal Oficiales'!$C$2,'Pollas Semifinal'!E4,'Resultados SemiFinal Oficiales'!$D$2,B4,'Resultados SemiFinal Oficiales'!$F$2) -> 0 | D4: =GANADOR_MARCADOR_POLLA('Pollas Semifinal'!F4,'Pollas Semifinal'!$F$2,'Pollas Semifinal'!G4,'Pollas Semifinal'!$G$2) -> Francia | E4: =PUNTAJE_GANADORES('Pollas Semifinal'!F4,'Resultados SemiFinal Oficiales'!$C$3,'Pollas Semifinal'!G4,'Resultados SemiFinal Oficiales'!$D$3,D4,'Resultados SemiFinal Oficiales'!$F$3) -> 3 | F4: =SUM(C4,E4) -> 3
A5: ='Pollas Semifinal'!C5 -> Marta Restrepo | B5: =GANADOR_MARCADOR_POLLA('Pollas Semifinal'!D5,'Pollas Semifinal'!$D$2,'Pollas Semifinal'!E5,'Pollas Semifinal'!$E$2) -> Argentina | C5: =PUNTAJE_GANADORES('Pollas Semifinal'!D5,'Resultados SemiFinal Oficiales'!$C$2,'Pollas Semifinal'!E5,'Resultados SemiFinal Oficiales'!$D$2,B5,'Resultados SemiFinal Oficiales'!$F$2) -> 3 | D5: =GANADOR_MARCADOR_POLLA('Pollas Semifinal'!F5,'Pollas Semifinal'!$F$2,'Pollas Semifinal'!G5,'Pollas Semifinal'!$G$2) -> EMPATE | E5: =PUNTAJE_GANADORES('Pollas Semifinal'!F5,'Resultados SemiFinal Oficiales'!$C$3,'Pollas Semifinal'!G5,'Resultados SemiFinal Oficiales'!$D$3,D5,'Resultados SemiFinal Oficiales'!$F$3) -> 0 | F5: =SUM(C5,E5) -> 3
A6: ='Pollas Semifinal'!C6 -> Emerson Alexis Gomez | B6: =GANADOR_MARCADOR_POLLA('Pollas Semifinal'!D6,'Pollas Semifinal'!$D$2,'Pollas Semifinal'!E6,'Pollas Semifinal'!$E$2) -> Croacia | C6: =PUNTAJE_GANADORES('Pollas Semifinal'!D6,'Resultados SemiFinal Oficiales'!$C$2,'Pollas Semifinal'!E6,'Resultados SemiFinal Oficiales'!$D$2,B6,'Resultados SemiFinal Oficiales'!$F$2) -> 0 | D6: =GANADOR_MARCADOR_POLLA('Pollas Semifinal'!F6,'Pollas Semifinal'!$F$2,'Pollas Semifinal'!G6,'Pollas Semifinal'!$G$2) -> Marruecos | E6: =PUNTAJE_GANADORES('Pollas Semifinal'!F6,'Resultados SemiFinal Oficiales'!$C$3,'Pollas Semifinal'!G6,'Resultados SemiFinal Oficiales'!$D$3,D6,'Resultados SemiFinal Oficiales'!$F$3) -> 0 | F6: =SUM(C6,E6) -> 0
A7: ='Pollas Semifinal'!C7 -> La qatarsis mundial | B7: =GANADOR_MARCADOR_POLLA('Pollas Semifinal'!D7,'Pollas Semifinal'!$D$2,'Pollas Semifinal'!E7,'Pollas Semifinal'!$E$2) -> EMPATE | C7: =PUNTAJE_GANADORES('Pollas Semifinal'!D7,'Resultados SemiFinal Oficiales'!$C$2,'Pollas Semifinal'!E7,'Resultados SemiFinal Oficiales'!$D$2,B7,'Resultados SemiFinal Oficiales'!$F$2) -> 1 | D7: =GANADOR_MARCADOR_POLLA('Pollas Semifinal'!F7,'Pollas Semifinal'!$F$2,'Pollas Semifinal'!G7,'Pollas Semifinal'!$G$2) -> Marruecos | E7: =PUNTAJE_GANADORES('Pollas Semifinal'!F7,'Resultados SemiFinal Oficiales'!$C$3,'Pollas Semifinal'!G7,'Resultados SemiFinal Oficiales'!$D$3,D7,'Resultados SemiFinal Oficiales'!$F$3) -> 1 | F7: =SUM(C7,E7) -> 2
A8: ='Pollas Semifinal'!C8 -> Lore Mira | B8: =GANADOR_MARCADOR_POLLA('Pollas Semifinal'!D8,'Pollas Semifinal'!$D$2,'Pollas Semifinal'!E8,'Pollas Semifinal'!$E$2) -> Croacia | C8: =PUNTAJE_GANADORES('Pollas Semifinal'!D8,'Resultados SemiFinal Oficiales'!$C$2,'Pollas Semifinal'!E8,'Resultados SemiFinal Oficiales'!$D$2,B8,'Resultados SemiFinal Oficiales'!$F$2) -> 0 | D8: =GANADOR_MARCADOR_POLLA('Pollas Semifinal'!F8,'Pollas Semifinal'!$F$2,'Pollas Semifinal'!G8,'Pollas Semifinal'!$G$2) -> Marruecos | E8: =PUNTAJE_GANADORES('Pollas Semifinal'!F8,'Resultados SemiFinal Oficiales'!$C$3,'Pollas Semifinal'!G8,'Resultados SemiFinal Oficiales'!$D$3,D8,'Resultados SemiFinal Oficiales'!$F$3) -> 0 | F8: =SUM(C8,E8) -> 0
A9: ='Pollas Semifinal'!C9 -> TV y Novelas | B9: =GANADOR_MARCADOR_POLLA('Pollas Semifinal'!D9,'Pollas Semifinal'!$D$2,'Pollas Semifinal'!E9,'Pollas Semifinal'!$E$2) -> EMPATE | C9: =PUNTAJE_GANADORES('Pollas Semifinal'!D9,'Resultados SemiFinal Oficiales'!$C$2,'Pollas Semifinal'!E9,'Resultados SemiFinal Oficiales'!$D$2,B9,'Resultados SemiFinal Oficiales'!$F$2) -> 0 | D9: =GANADOR_MARCADOR_POLLA('Pollas Semifinal'!F9,'Pollas Semifinal'!$F$2,'Pollas Semifinal'!G9,'Pollas Semifinal'!$G$2) -> Francia | E9: =PUNTAJE_GANADORES('Pollas Semifinal'!F9,'Resultados SemiFinal Oficiales'!$C$3,'Pollas Semifinal'!G9,'Resultados SemiFinal Oficiales'!$D$3,D9,'Resultados SemiFinal Oficiales'!$F$3) -> 5 | F9: =SUM(C9,E9) -> 5
A10: ='Pollas Semifinal'!C10 -> Luis Fermin Naranjo Artehourtua | B10: =GANADOR_MARCADOR_POLLA('Pollas Semifinal'!D10,'Pollas Semifinal'!$D$2,'Pollas Semifinal'!E10,'Pollas Semifinal'!$E$2) -> Argentina | C10: =PUNTAJE_GANADORES('Pollas Semifinal'!D10,'Resultados SemiFinal Oficiales'!$C$2,'Pollas Semifinal'!E10,'Resultados SemiFinal Oficiales'!$D$2,B10,'Resultados SemiFinal Oficiales'!$F$2) -> 3 | D10: =GANADOR_MARCADOR_POLLA('Pollas Semifinal'!F10,'Pollas Semifinal'!$F$2,'Pollas Semifinal'!G10,'Pollas Semifinal'!$G$2) -> Francia | E10: =PUNTAJE_GANADORES('Pollas Semifinal'!F10,'Resultados SemiFinal Oficiales'!$C$3,'Pollas Semifinal'!G10,'Resultados SemiFinal Oficiales'!$D$3,D10,'Resultados SemiFinal Oficiales'!$F$3) -> 3 | F10: =SUM(C10,E10) -> 6
A11: ='Pollas Semifinal'!C11 -> Las Tejedoras | B11: =GANADOR_MARCADOR_POLLA('Pollas Semifinal'!D11,'Pollas Semifinal'!$D$2,'Pollas Semifinal'!E11,'Pollas Semifinal'!$E$2) -> Argentina | C11: =PUNTAJE_GANADORES('Pollas Semifinal'!D11,'Resultados SemiFinal Oficiales'!$C$2,'Pollas Semifinal'!E11,'Resultados SemiFinal Oficiales'!$D$2,B11,'Resultados SemiFinal Oficiales'!$F$2) -> 3 | D11: =GANADOR_MARCADOR_POLLA('Pollas Semifinal'!F11,'Pollas Semifinal'!$F$2,'Pollas Semifinal'!G11,'Pollas Semifinal'!$G$2) -> Francia | E11: =PUNTAJE_GANADORES('Pollas Semifinal'!F11,'Resultados SemiFinal Oficiales'!$C$3,'Pollas Semifinal'!G11,'Resultados SemiFinal Oficiales'!$D$3,D11,'Resultados SemiFinal Oficiales'!$F$3) -> 3 | F11: =SUM(C11,E11) -> 6
A12: ='Pollas Semifinal'!C12 -> Lolita | B12: =GANADOR_MARCADOR_POLLA('Pollas Semifinal'!D12,'Pollas Semifinal'!$D$2,'Pollas Semifinal'!E12,'Pollas Semifinal'!$E$2) -> Argentina | C12: =PUNTAJE_GANADORES('Pollas Semifinal'!D12,'Resultados SemiFinal Oficiales'!$C$2,'Pollas Semifinal'!E12,'Resultados SemiFinal Oficiales'!$D$2,B12,'Resultados SemiFinal Oficiales'!$F$2) -> 2 | D12: =GANADOR_MARCADOR_POLLA('Pollas Semifinal'!F12,'Pollas Semifinal'!$F$2,'Pollas Semifinal'!G12,'Pollas Semifinal'!$G$2) -> Francia | E12: =PUNTAJE_GANADORES('Pollas Semifinal'!F12,'Resultados SemiFinal Oficiales'!$C$3,'Pollas Semifinal'!G12,'Resultados SemiFinal Oficiales'!$D$3,D12,'Resultados SemiFinal Oficiales'!$F$3) -> 3 | F12: =SUM(C12,E12) -> 5
A13: ='Pollas Semifinal'!C13 -> Los Betancruz | B13: =GANADOR_MARCADOR_POLLA('Pollas Semifinal'!D13,'Pollas Semifinal'!$D$2,'Pollas Semifinal'!E13,'Pollas Semifinal'!$E$2) -> EMPATE | C13: =PUNTAJE_GANADORES('Pollas Semifinal'!D13,'Resultados SemiFinal Oficiales'!$C$2,'Pollas Semifinal'!E13,'Resultados SemiFinal Oficiales'!$D$2,B13,'Resultados SemiFinal Oficiales'!$F$2) -> 0 | D13: =GANADOR_MARCADOR_POLLA('Pollas Semifinal'!F13,'Pollas Semifinal'!$F$2,'Pollas Semifinal'!G13,'Pollas Semifinal'!$G$2) -> Francia | E13: =PUNTAJE_GANADORES('Pollas Semifinal'!F13,'Resultados SemiFinal Oficiales'!$C$3,'Pollas Semifinal'!G13,'Resultados SemiFinal Oficiales'!$D$3,D13,'Resultados SemiFinal Oficiales'!$F$3) -> 3 | F13: =SUM(C13,E13) -> 3
A14: ='Pollas Semifinal'!C14 -> Qatarsis 1.0 | B14: =GANADOR_MARCADOR_POLLA('Pollas Semifinal'!D14,'Pollas Semifinal'!$D$2,'Pollas Semifinal'!E14,'Pollas Semifinal'!$E$2) -> Croacia | C14: =PUNTAJE_GANADORES('Pollas Semifinal'!D14,'Resultados SemiFinal Oficiales'!$C$2,'Pollas Semifinal'!E14,'Resultados SemiFinal Oficiales'!$D$2,B14,'Resultados SemiFinal Oficiales'!$F$2) -> 0 | D14: =GANADOR_MARCADOR_POLLA('Pollas Semifinal'!F14,'Pollas Semifinal'!$F$2,'Pollas Semifinal'!G14,'Pollas Semifinal'!$G$2) -> EMPATE | E14: =PUNTAJE_GANADORES('Pollas Semifinal'!F14,'Resultados SemiFinal Oficiales'!$C$3,'Pollas Semifinal'!G14,'Resultados SemiFinal Oficiales'!$D$3,D14,'Resultados SemiFinal Oficiales'!$F$3) -> 1 | F14: =SUM(C14,E14) -> 1
... A24: ='Pollas Semifinal'!C24 -> Juan Esteban Montoya Hincapie | B24: =GANADOR_MARCADOR_POLLA('Pollas Semifinal'!D24,'Pollas Semifinal'!$D$2,'Pollas Semifinal'!E24,'Pollas Semifinal'!$E$2) -> Argentina | C24: =PUNTAJE_GANADORES('Pollas Semifinal'!D24,'Resultados SemiFinal Oficiales'!$C$2,'Pollas Semifinal'!E24,'Resultados SemiFinal Oficiales'!$D$2,B24,'Resultados SemiFinal Oficiales'!$F$2) -> 3 | D24: =GANADOR_MARCADOR_POLLA('Pollas Semifinal'!F24,'Pollas Semifinal'!$F$2,'Pollas Semifinal'!G24,'Pollas Semifinal'!$G$2) -> Marruecos | E24: =PUNTAJE_GANADORES('Pollas Semifinal'!F24,'Resultados SemiFinal Oficiales'!$C$3,'Pollas Semifinal'!G24,'Resultados SemiFinal Oficiales'!$D$3,D24,'Resultados SemiFinal Oficiales'!$F$3) -> 0 | F24: =SUM(C24,E24) -> 3
A25: ='Pollas Semifinal'!C33 -> Safiro y Acero | B25: =GANADOR_MARCADOR_POLLA('Pollas Semifinal'!D25,'Pollas Semifinal'!$D$2,'Pollas Semifinal'!E25,'Pollas Semifinal'!$E$2) -> Argentina | C25: =PUNTAJE_GANADORES('Pollas Semifinal'!D33,'Resultados SemiFinal Oficiales'!$C$2,'Pollas Semifinal'!E33,'Resultados SemiFinal Oficiales'!$D$2,B25,'Resultados SemiFinal Oficiales'!$F$2) -> 2 | D25: =GANADOR_MARCADOR_POLLA('Pollas Semifinal'!F33,'Pollas Semifinal'!$F$2,'Pollas Semifinal'!G33,'Pollas Semifinal'!$G$2) -> Francia | E25: =PUNTAJE_GANADORES('Pollas Semifinal'!F33,'Resultados SemiFinal Oficiales'!$C$3,'Pollas Semifinal'!G33,'Resultados SemiFinal Oficiales'!$D$3,D25,'Resultados SemiFinal Oficiales'!$F$3) -> 3 | F25: =SUM(C25,E25) -> 5
A26: ='Pollas Semifinal'!C26 -> John Jaramillo-Diogenes Restrepo | B26: =GANADOR_MARCADOR_POLLA('Pollas Semifinal'!D26,'Pollas Semifinal'!$D$2,'Pollas Semifinal'!E26,'Pollas Semifinal'!$E$2) -> Argentina | C26: =PUNTAJE_GANADORES('Pollas Semifinal'!D26,'Resultados SemiFinal Oficiales'!$C$2,'Pollas Semifinal'!E26,'Resultados SemiFinal Oficiales'!$D$2,B26,'Resultados SemiFinal Oficiales'!$F$2) -> 3 | D26: =GANADOR_MARCADOR_POLLA('Pollas Semifinal'!F26,'Pollas Semifinal'!$F$2,'Pollas Semifinal'!G26,'Pollas Semifinal'!$G$2) -> Marruecos | E26: =PUNTAJE_GANADORES('Pollas Semifinal'!F26,'Resultados SemiFinal Oficiales'!$C$3,'Pollas Semifinal'!G26,'Resultados SemiFinal Oficiales'!$D$3,D26,'Resultados SemiFinal Oficiales'!$F$3) -> 0 | F26: =SUM(C26,E26) -> 3
A27: ='Pollas Semifinal'!C27 -> Luchismo | B27: =GANADOR_MARCADOR_POLLA('Pollas Semifinal'!D27,'Pollas Semifinal'!$D$2,'Pollas Semifinal'!E27,'Pollas Semifinal'!$E$2) -> EMPATE | C27: =PUNTAJE_GANADORES('Pollas Semifinal'!D27,'Resultados SemiFinal Oficiales'!$C$2,'Pollas Semifinal'!E27,'Resultados SemiFinal Oficiales'!$D$2,B27,'Resultados SemiFinal Oficiales'!$F$2) -> 0 | D27: =GANADOR_MARCADOR_POLLA('Pollas Semifinal'!F27,'Pollas Semifinal'!$F$2,'Pollas Semifinal'!G27,'Pollas Semifinal'!$G$2) -> Marruecos | E27: =PUNTAJE_GANADORES('Pollas Semifinal'!F27,'Resultados SemiFinal Oficiales'!$C$3,'Pollas Semifinal'!G27,'Resultados SemiFinal Oficiales'!$D$3,D27,'Resultados SemiFinal Oficiales'!$F$3) -> 0 | F27: =SUM(C27,E27) -> 0
A28: ='Pollas Semifinal'!C28 -> Cristina Valentina Echeverri- Las fieras | B28: =GANADOR_MARCADOR_POLLA('Pollas Semifinal'!D28,'Pollas Semifinal'!$D$2,'Pollas Semifinal'!E28,'Pollas Semifinal'!$E$2) -> Croacia | C28: =PUNTAJE_GANADORES('Pollas Semifinal'!D28,'Resultados SemiFinal Oficiales'!$C$2,'Pollas Semifinal'!E28,'Resultados SemiFinal Oficiales'!$D$2,B28,'Resultados SemiFinal Oficiales'!$F$2) -> 0 | D28: =GANADOR_MARCADOR_POLLA('Pollas Semifinal'!F28,'Pollas Semifinal'!$F$2,'Pollas Semifinal'!G28,'Pollas Semifinal'!$G$2) -> Francia | E28: =PUNTAJE_GANADORES('Pollas Semifinal'!F28,'Resultados SemiFinal Oficiales'!$C$3,'Pollas Semifinal'!G28,'Resultados SemiFinal Oficiales'!$D$3,D28,'Resultados SemiFinal Oficiales'!$F$3) -> 3 | F28: =SUM(C28,E28) -> 3
A29: ='Pollas Semifinal'!C29 -> La Perripolla | B29: =GANADOR_MARCADOR_POLLA('Pollas Semifinal'!D29,'Pollas Semifinal'!$D$2,'Pollas Semifinal'!E29,'Pollas Semifinal'!$E$2) -> EMPATE | C29: =PUNTAJE_GANADORES('Pollas Semifinal'!D29,'Resultados SemiFinal Oficiales'!$C$2,'Pollas Semifinal'!E29,'Resultados SemiFinal Oficiales'!$D$2,B29,'Resultados SemiFinal Oficiales'!$F$2) -> 0 | D29: =GANADOR_MARCADOR_POLLA('Pollas Semifinal'!F29,'Pollas Semifinal'!$F$2,'Pollas Semifinal'!G29,'Pollas Semifinal'!$G$2) -> Francia | E29: =PUNTAJE_GANADORES('Pollas Semifinal'!F29,'Resultados SemiFinal Oficiales'!$C$3,'Pollas Semifinal'!G29,'Resultados SemiFinal Oficiales'!$D$3,D29,'Resultados SemiFinal Oficiales'!$F$3) -> 3 | F29: =SUM(C29,E29) -> 3
A30: ='Pollas Semifinal'!C30 -> Ana Maria Corpas | B30: =GANADOR_MARCADOR_POLLA('Pollas Semifinal'!D30,'Pollas Semifinal'!$D$2,'Pollas Semifinal'!E30,'Pollas Semifinal'!$E$2) -> Croacia | C30: =PUNTAJE_GANADORES('Pollas Semifinal'!D30,'Resultados SemiFinal Oficiales'!$C$2,'Pollas Semifinal'!E30,'Resultados SemiFinal Oficiales'!$D$2,B30,'Resultados SemiFinal Oficiales'!$F$2) -> 0 | D30: =GANADOR_MARCADOR_POLLA('Pollas Semifinal'!F30,'Pollas Semifinal'!$F$2,'Pollas Semifinal'!G30,'Pollas Semifinal'!$G$2) -> Francia | E30: =PUNTAJE_GANADORES('Pollas Semifinal'!F30,'Resultados SemiFinal Oficiales'!$C$3,'Pollas Semifinal'!G30,'Resultados SemiFinal Oficiales'!$D$3,D30,'Resultados SemiFinal Oficiales'!$F$3) -> 3 | F30: =SUM(C30,E30) -> 3
A31: ='Pollas Semifinal'!C39 -> Guanabano Indigente | B31: =GANADOR_MARCADOR_POLLA('Pollas Semifinal'!D31,'Pollas Semifinal'!$D$2,'Pollas Semifinal'!E31,'Pollas Semifinal'!$E$2) -> Argentina | C31: =PUNTAJE_GANADORES('Pollas Semifinal'!D31,'Resultados SemiFinal Oficiales'!$C$2,'Pollas Semifinal'!E31,'Resultados SemiFinal Oficiales'!$D$2,B31,'Resultados SemiFinal Oficiales'!$F$2) -> 2 | D31: =GANADOR_MARCADOR_POLLA('Pollas Semifinal'!F31,'Pollas Semifinal'!$F$2,'Pollas Semifinal'!G31,'Pollas Semifinal'!$G$2) -> Francia | E31: =PUNTAJE_GANADORES('Pollas Semifinal'!F31,'Resultados SemiFinal Oficiales'!$C$3,'Pollas Semifinal'!G31,'Resultados SemiFinal Oficiales'!$D$3,D31,'Resultados SemiFinal Oficiales'!$F$3) -> 3 | F31: =SUM(C31,E31) -> 5
A32: ='Pollas Semifinal'!C32

Sheet Resultados Oficiales Final
A1: Fecha | B1: Equipo | C1: Goles | D1: Goles | E1: Equipo | F1: Ganador
A2: 44912 | B2: Croacia | C2: 2 | D2: 1 | E2: Marruecos | F2: =GANADOR_REAL(B2,C2,E2,D2) -> Croacia
A3: 44913 | B3: Argentina | C3: 2 | D3: 2 | E3: Francia | F3: =GANADOR_REAL(B3,C3,E3,D3) -> EMPATE

Sheet Resultados SemiFinal Oficiales
A1: Fecha | B1: Equipo | C1: Goles | D1: Goles | E1: Equipo | F1: Ganador
A2: 44908 | B2: Argentina | C2: 3 | D2: 0 | E2: Croacia | F2: =GANADOR_REAL(B2,C2,E2,D2) -> Argentina
A3: 44909 | B3: Francia | C3: 2 | D3: 0 | E3: Marruecos | F3: =GANADOR_REAL(B3,C3,E3,D3) -> Francia

Sheet Resultados Oficiales Cuartos de
A1: Fecha | B1: Equipo | C1: Goles | D1: Goles | E1: Equipo | F1: Ganador
A2: 44904 | B2: Croacia | C2: 0 | D2: 0 | E2: Brasil | F2: =GANADOR_REAL(B2,C2,E2,D2) -> EMPATE
A3: 44904 | B3: Argentina | C3: 2 | D3: 2 | E3: Paises Bajos | F3: =GANADOR_REAL(B3,C3,E3,D3) -> EMPATE
A4: 44905 | B4: Marruecos | C4: 1 | D4: 0 | E4: Portugal | F4: =GANADOR_REAL(B4,C4,E4,D4) -> Marruecos
A5: 44905 | B5: Inglaterra | C5: 1 | D5: 2 | E5: Francia | F5: =GANADOR_REAL(B5,C5,E5,D5) -> Francia

Sheet Resultados Oficiales Octavos de
A1: Fecha | B1: Equipo | C1: Goles | D1: Goles | E1: Equipo | F1: Ganador
A2: 44898 | B2: Paises Bajos | C2: 3 | D2: 1 | E2: Estados Unidos | F2: =GANADOR_REAL(B2,C2,E2,D2) -> Paises Bajos
A3: 44898 | B3: Argentina | C3: 2 | D3: 1 | E3: Australia | F3: =GANADOR_REAL(B3,C3,E3,D3) -> Argentina
A4: 44899 | B4: Francia | C4: 3 | D4: 1 | E4: Polonia | F4: =GANADOR_REAL(B4,C4,E4,D4) -> Francia
A5: 44899 | B5: Inglaterra | C5: 3 | D5: 0 | E5: Senegal | F5: =GANADOR_REAL(B5,C5,E5,D5) -> Inglaterra
A6: 44900 | B6: Japón | C6: 1 | D6: 1 | E6: Croacia | F6: =GANADOR_REAL(B6,C6,E6,D6) -> EMPATE
A7: 44900 | B7: Brasil | C7: 4 | D7: 1 | E7: Corea del Sur | F7: =GANADOR_REAL(B7,C7,E7,D7) -> Brasil
A8: 44901 | B8: Marruecos | C8: 0 | D8: 0 | E8: España | F8: =GANADOR_REAL(B8,C8,E8,D8) -> EMPATE
A9: 44901 | B9: Portugal | C9: 6 | D9: 1 | E9: Suiza | F9: =GANADOR_REAL(B9,C9,E9,D9) -> Portugal

Sheet Resultados Oficiales Fase de Gr
B2: Fecha | D2: Goles | E2: Goles | G2: GANADOR
A3: A | B3: 44885 | C3: Qatar | D3: 0 | E3: 2 | F3: Ecuador | G3: =GANADOR_REAL(C3,D3,F3,E3) -> Ecuador | I3: Grupo A
B4: 44886 | C4: Senegal | D4: 0 | E4: 2 | F4: Paises Bajos | G4: =GANADOR_REAL(C4,D4,F4,E4) -> Paises Bajos | I4: Pos | J4: Selección | K4: Pts | L4: J | M4: G | N4: E | O4: P | P4: GF | Q4: GC | R4: DG
B5: 44890 | C5: Qatar | D5: 1 | E5: 3 | F5: Senegal | G5: =GANADOR_REAL(C5,D5,F5,E5) -> Senegal | I5: 1 | J5: Ecuador | K5: =PUNTAJE(E3,D3,E6,D6,D8,E8) -> 4 | L5: =JUGADOS(E3,E6,D8) -> 3 | M5: =PARTIDOS_GANADOS(E3,D3,E6,D6,D8,E8) -> 1 | N5: =PARTIDOS_EMPATADOS(E3,D3,E6,D6,D8,E8) -> 1 | O5: =PARTIDOS_PERDIDOS(E3,D3,E6,D6,D8,E8) -> 1 | P5: =GOLES_FAVOR(E3,E6,D8) -> 4 | Q5: =GOLES_CONTRA(D3,D6,E8) -> 3 | R5: =P5-Q5 -> 1
B6: 44890 | C6: Paises Bajos | D6: 1 | E6: 1 | F6: Ecuador | G6: =GANADOR_REAL(C6,D6,F6,E6) -> EMPATE | I6: 2 | J6: Qatar | K6: =PUNTAJE(D3,E3,D5,E5,E7,D7) -> 0 | L6: =JUGADOS(D3,D5,E7) -> 3 | M6: =PARTIDOS_GANADOS(D3,E3,D5,E5,E7,D7) -> 0 | N6: =PARTIDOS_EMPATADOS(D3,E3,D5,E5,E7,D7) -> 0 | O6: =PARTIDOS_PERDIDOS(D3,E3,D5,E5,E7,D7) -> 3 | P6: =$D$3+$D$5+$E$7 -> 1 | Q6: =$E$3+$E$5+$D$7 -> 7 | R6: =P6-Q6 -> -6
B7: 44894 | C7: Paises Bajos | D7: 2 | E7: 0 | F7: Qatar | G7: =GANADOR_REAL(C7,D7,F7,E7) -> Paises Bajos | I7: 3 | J7: Paises Bajos | K7: =PUNTAJE(E4,D4,D6,E6,D7,E7) -> 7 | L7: =JUGADOS(E4,D6,D7) -> 3 | M7: =PARTIDOS_GANADOS(E4,D4,D6,E6,D7,E7) -> 2 | N7: =PARTIDOS_EMPATADOS(E4,D4,D6,E6,D7,E7) -> 1 | O7: =PARTIDOS_PERDIDOS(E4,D4,D6,E6,D7,E7) -> 0 | P7: =$D$6+$D$7+$E$4 -> 5 | Q7: =$D$4+$E$6+$E$7 -> 1 | R7: =P7-Q7 -> 4
B8: 44894 | C8: Ecuador | D8: 1 | E8: 2 | F8: Senegal | G8: =GANADOR_REAL(C8,D8,F8,E8) -> Senegal | I8: 4 | J8: Senegal | K8: =PUNTAJE(D4,E4,E5,D5,E8,D8) -> 6 | L8: =JUGADOS(D4,E5,E8) -> 3 | M8: =PARTIDOS_GANADOS(D4,E4,E5,D5,E8,D8) -> 2 | N8: =PARTIDOS_EMPATADOS(D4,E4,E5,D5,E8,D8) -> 0 | O8: =PARTIDOS_PERDIDOS(D4,E4,E5,D5,E8,D8) -> 1 | P8: =$D$4+$E$8+$E$5 -> 5 | Q8: =$E$4+$D$5+$D$8 -> 4 | R8: =P8-Q8 -> 1
A11: B | B11: 44886 | C11: Inglaterra | D11: 6 | E11: 2 | F11: Iran | G11: =GANADOR_REAL(C11,D11,F11,E11) -> Inglaterra | I11: Grupo B
B12: 44886 | C12: Estados Unidos | D12: 1 | E12: 1 | F12: Gales | G12: =GANADOR_REAL(C12,D12,F12,E12) -> EMPATE | I12: Pos | J12: Selección | K12: Pts | L12: J | M12: G | N12: E | O12: P | P12: GF | Q12: GC | R12: DG
B13: 44890 | C13: Inglaterra | D13: 0 | E13: 0 | F13: Estados Unidos | G13: =GANADOR_REAL(C13,D13,F13,E13) -> EMPATE | I13: 1 | J13: Inglaterra | K13: =PUNTAJE(D11,E11,D13,E13,E15,D15) -> 7 | L13: =JUGADOS(D11,D13,E15) -> 3 | M13: =PARTIDOS_GANADOS(D11,E11,D13,E13,E15,D15) -> 2 | N13: =PARTIDOS_EMPATADOS(D11,E11,D13,E13,E15,D15) -> 1 | O13: =PARTIDOS_PERDIDOS(D11,E11,D13,E13,E15,D15) -> 0 | P13: =D11+D13+E15 -> 9 | Q13: =E11+E13+D15 -> 2 | R13: =P13-Q13 -> 7
B14: 44890 | C14: Gales | D14: 0 | E14: 2 | F14: Iran | G14: =GANADOR_REAL(C14,D14,F14,E14) -> Iran | I14: 2 | J14: Iran | K14: =PUNTAJE(E11,D11,E14,D14,D16,E16) -> 3 | L14: =JUGADOS(E11,E14,D16) -> 3 | M14: =PARTIDOS_GANADOS(E11,D11,E14,D14,D16,E16) -> 1 | N14: =PARTIDOS_EMPATADOS(E11,D11,E14,D14,D16,E16) -> 0 | O14: =PARTIDOS_PERDIDOS(E11,D11,E14,D14,D16,E16) -> 2 | P14: =E11+E14+D16 -> 4 | Q14: =D11+D14+E16 -> 7 | R14: =P14-Q14 -> -3
B15: 44894 | C15: Gales | D15: 0 | E15: 3 | F15: Inglaterra | G15: =GANADOR_REAL(C15,D15,F15,E15) -> Inglaterra | I15: 3 | J15: Estados Unidos | K15: =PUNTAJE(D12,E12,E13,D13,E16,D16) -> 5 | L15: =JUGADOS(D12,E13,E16) -> 3 | M15: =PARTIDOS_GANADOS(D12,E12,E13,D13,E16,D16) -> 1 | N15: =PARTIDOS_EMPATADOS(D12,E12,E13,D13,E16,D16) -> 2 | O15: =PARTIDOS_PERDIDOS(D12,E12,E13,D13,E16,D16) -> 0 | P15: =E13+D12+E16 -> 2 | Q15: =E12+D13+D16 -> 1 | R15: =P15-Q15 -> 1
B16: 44894 | C16: Iran | D16: 0 | E16: 1 | F16: Estados Unidos | G16: =GANADOR_REAL(C16,D16,F16,E16) -> Estados Unidos | I16: 4 | J16: Gales | K16: =PUNTAJE(E12,D12,D14,E14,D15,E15) -> 1 | L16: =JUGADOS(E12,D14,D15) -> 3 | M16: =PARTIDOS_GANADOS(E12,D12,D14,E14,D15,E15) -> 0 | N16: =PARTIDOS_EMPATADOS(E12,D12,D14,E14,D15,E15) -> 1 | O16: =PARTIDOS_PERDIDOS(E12,D12,D14,E14,D15,E15) -> 2 | P16: =E12+D14+D15 -> 1 | Q16: =D12+E14+E15 -> 6 | R16: =P16-Q16 -> -5
A19: C | B19: 44887 | C19: Argentina | D19: 1 | E19: 2 | F19: Arabia Saudita | G19: =GANADOR_REAL(C19,D19,F19,E19) -> Arabia Saudita | I19: Grupo C
B20: 44887 | C20: Mexico | D20: 0 | E20: 0 | F20: Polonia | G20: =GANADOR_REAL(C20,D20,F20,E20) -> EMPATE | I20: Pos | J20: Selección | K20: Pts | L20: J | M20: G | N20: E | O20: P | P20: GF | Q20: GC | R20: DG
B21: 44891 | C21: Argentina | D21: 2 | E21: 0 | F21: Mexico | G21: =GANADOR_REAL(C21,D21,F21,E21) -> Argentina | I21: 1 | J21: Argentina | K21: =PUNTAJE(D19,E19,D21,E21,D23,E23) -> 3 | P21: =D19+D21+E23 -> 5 | Q21: =E19+E21+D23 -> 2 | R21: =P21-Q21 -> 3
B22: 44891 | C22: Polonia | D22: 2 | E22: 0 | F22: Arabia Saudita | G22: =GANADOR_REAL(C22,D22,F22,E22) -> Polonia | I22: 2 | J22: Arabia Saudita | K22: =PUNTAJE(E19,D19,E22,D22,D24,E24) -> 3 | P22: =E19+E22+D24 -> 3 | Q22: =D19+D22+E24 -> 5 | R22: =P22-Q22 -> -2
B23: 44895 | C23: Polonia | D23: 0 | E23: 2 | F23: Argentina | G23: =GANADOR_REAL(C23,D23,F23,E23) -> Argentina | I23: 3 | J23: Mexico | K23: =PUNTAJE(D21,E21,D23,E23,E25,D25) -> 3 | P23: =D20+E21+E24 -> 2 | Q23: =E20+D21+D24 -> 3 | R23: =P23-Q23 -> -1
B24: 44895 | C24: Arabia Saudita | D24: 1 | E24: 2 | F24: Mexico | G24: =GANADOR_REAL(C24,D24,F24,E24) -> Mexico | I24: 4 | J24: Polonia | P24: =E20+D22+D23 -> 2 | Q24: =D20+E22+E23 -> 2 | R24: =P24-Q24 -> 0
A27: D | B27: 44887 | C27: Francia | D27: 4 | E27: 1 | F27: Australia | G27: =GANADOR_REAL(C27,D27,F27,E27) -> Francia | I27: Grupo D
B28: 44887 | C28: Dinamarca | D28: 0 | E28: 0 | F28: Tunez | G28: =GANADOR_REAL(C28,D28,F28,E28) -> EMPATE | I28: Pos | J28: Selección | K28: Pts | L28: J | M28: G | N28: E | O28: P | P28: GF | Q28: GC | R28: DG
B29: 44891 | C29: Francia | D29: 2 | E29: 1 | F29: Dinamarca | G29: =GANADOR_REAL(C29,D29,F29,E29) -> Francia | I29: 1 | J29: Francia | P29: =D27+D29+E31 -> 6 | Q29: =E27+E29+D31 -> 3 | R29: =P29-Q29 -> 3
B30: 44891 | C30: Tunez | D30: 0 | E30: 1 | F30: Australia | G30: =GANADOR_REAL(C30,D30,F30,E30) -> Australia | I30: 2 | J30: Dinamarca | P30: =D28+E29+E32 -> 1 | Q30: =E28+D29+D32 -> 3 | R30: =P30-Q30 -> -2
B31: 44895 | C31: Tunez | D31: 1 | E31: 0 | F31: Francia | G31: =GANADOR_REAL(C31,D31,F31,E31) -> Tunez | I31: 3 | J31: Tunez | P31: =E28+D30+D31 -> 1 | Q31: =D28+E30+E31 -> 1 | R31: =P31-Q31 -> 0
B32: 44895 | C32: Australia | D32: 1 | E32: 0 | F32: Dinamarca | G32: =GANADOR_REAL(C32,D32,F32,E32) -> Australia | I32: 4 | J32: Australia | P32: =E27+E30+D32 -> 3 | Q32: =D27+D30+E32 -> 4 | R32: =P32-Q32 -> -1
A35: E | B35: 44888 | C35: España | D35: 6 | E35: 0 | F35: Costa Rica | G35: =GANADOR_REAL(C35,D35,F35,E35) -> España | I35: Grupo E
B36: 44888 | C36: Alemania | D36: 1 | E36: 2 | F36: Japón | G36: =GANADOR_REAL(C36,D36,F36,E36) -> Japón | I36: Pos | J36: Selección | K36: Pts | L36: J | M36: G | N36: E | O36: P | P36: GF | Q36: GC | R36: DG
B37: 44892 | C37: España | D37: 1 | E37: 1 | F37: Alemania | G37: =GANADOR_REAL(C37,D37,F37,E37) -> EMPATE | I37: 1 | J37: España | P37: =D35+D37+E39 -> 8 | Q37: =E35+E37+D39 -> 3 | R37: =P37-Q37 -> 5
B38: 44892 | C38: Japón | D38: 0 | E38: 1 | F38: Costa Rica | G38: =GANADOR_REAL(C38,D38,F38,E38) -> Costa Rica | I38: 2 | J38: Costa Rica | P38: =E35+E38+D40 -> 3 | Q38: =D35+D38+E40 -> 10 | R38: =P38-Q38 -> -7
B39: 44896 | C39: Japón | D39: 2 | E39: 1 | F39: España | G39: =GANADOR_REAL(C39,D39,F39,E39) -> Japón | I39: 3 | J39: Alemania | P39: =D36+E37+E40 -> 6 | Q39: =E36+D37+D40 -> 5 | R39: =P39-Q39 -> 1
B40: 44896 | C40: Costa Rica | D40: 2 | E40: 4 | F40: Alemania | G40: =GANADOR_REAL(C40,D40,F40,E40) -> Alemania | I40: 4 | J40: Japon | P40: =E36+D38+D39 -> 4 | Q40: =D36+E38+E39 -> 3 | R40: =P40-Q40 -> 1
A43: F | B43: 44888 | C43: Belgica | D43: 1 | E43: 0 | F43: Canada | G43: =GANADOR_REAL(C43,D43,F43,E43) -> Belgica | I43: Grupo F
B44: 44888 | C44: Marruecos | D44: 0 | E44: 0 | F44: Croacia | G44: =GANADOR_REAL(C44,D44,F44,E44) -> EMPATE | I44: Pos | J44: Selección | K44: Pts | L44: J | M44: G | N44: E | O44: P | P44: GF | Q44: GC | R44: DG
B45: 44892 | C45: Belgica | D45: 0 | E45: 2 | F45: Marruecos | G45: =GANADOR_REAL(C45,D45,F45,E45) -> Marruecos | I45: 1 | J45: Belgica | P45: =D43+D45+E47 -> 1 | Q45: =E43+E45+D47 -> 2 | R45: =P45-Q45 -> -1
B46: 44892 | C46: Croacia | D46: 4 | E46: 1 | F46: Canada | G46: =GANADOR_REAL(C46,D46,F46,E46) -> Croacia | I46: 2 | J46: Canada | P46: =E43+E46+D48 -> 2 | Q46: =D43+D46+E48 -> 7 | R46: =P46-Q46 -> -5
B47: 44896 | C47: Croacia | D47: 0 | E47: 0 | F47: Belgica | G47: =GANADOR_REAL(C47,D47,F47,E47) -> EMPATE | I47: 3 | J47: Marruecos | P47: =D44+E45+E48 -> 4 | Q47: =E44+D45+D48 -> 1 | R47: =P47-Q47 -> 3
B48: 44896 | C48: Canada | D48: 1 | E48: 2 | F48: Marruecos | G48: =GANADOR_REAL(C48,D48,F48,E48) -> Marruecos | I48: 4 | J48: Croacia | P48: =E44+D46+D47 -> 4 | Q48: =D44+E46+E47 -> 1 | R48: =P48-Q48 -> 3
A51: G | B51: 44889 | C51: Brasil | D51: 2 | E51: 0 | F51: Serbia | G51: =GANADOR_REAL(C51,D51,F51,E51) -> Brasil | I51: Grupo G
B52: 44889 | C52: Suiza | D52: 1 | E52: 0 | F52: Camerun | G52: =GANADOR_REAL(C52,D52,F52,E52) -> Suiza | I52: Pos | J52: Selección | K52: Pts | L52: J | M52: G | N52: E | O52: P | P52: GF | Q52: GC | R52: DG
B53: 44893 | C53: Brasil | D53: 1 | E53: 0 | F53: Suiza | G53: =GANADOR_REAL(C53,D53,F53,E53) -> Brasil | I53: 1 | J53: Brasil | P53: =D51+D53+E55 -> 3 | Q53: =E51+E53+D55 -> 1 | R53: =P53-Q53 -> 2
B54: 44893 | C54: Camerun | D54: 3 | E54: 3 | F54: Serbia | G54: =GANADOR_REAL(C54,D54,F54,E54) -> EMPATE | I54: 2 | J54: Serbia | P54: =E51+E54+D56 -> 5 | Q54: =D51+D54+E56 -> 8 | R54: =P54-Q54 -> -3
B55: 44897 | C55: Camerun | D55: 1 | E55: 0 | F55: Brasil | G55: =GANADOR_REAL(C55,D55,F55,E55) -> Camerun | I55: 3 | J55: Suiza | P55: =D52+E53+E56 -> 4 | Q55: =E52+D53+D56 -> 3 | R55: =P55-Q55 -> 1
B56: 44897 | C56: Serbia | D56: 2 | E56: 3 | F56: Suiza | G56: =GANADOR_REAL(C56,D56,F56,E56) -> Suiza | I56: 4 | J56: Camerun | P56: =E52+D54+D55 -> 4 | Q56: =D52+E54+E55 -> 4 | R56: =P56-Q56 -> 0
A59: H | B59: 44889 | C59: Portugal | D59: 3 | E59: 2 | F59: Ghana | G59: =GANADOR_REAL(C59,D59,F59,E59) -> Portugal | I59: Grupo H
B60: 44889 | C60: Uruguay | D60: 0 | E60: 0 | F60: Corea del Sur | G60: =GANADOR_REAL(C60,D60,F60,E60) -> EMPATE | I60: Pos | J60: Selección | K60: Pts | L60: J | M60: G | N60: E | O60: P | P60: GF | Q60: GC | R60: DG
B61: 44893 | C61: Portugal | D61: 2 | E61: 0 | F61: Uruguay | G61: =GANADOR_REAL(C61,D61,F61,E61) -> Portugal | I61: 1 | J61: Portugal | P61: =D59+D61+E63 -> 6 | Q61: =E59+E61+D63 -> 4 | R61: =P61-Q61 -> 2
B62: 44893 | C62: Corea del Sur | D62: 2 | E62: 3 | F62: Ghana | G62: =GANADOR_REAL(C62,D62,F62,E62) -> Ghana | I62: 2 | J62: Ghana | P62: =E59+E62+D64 -> 5 | Q62: =D59+D62+E64 -> 7 | R62: =P62-Q62 -> -2
B63: 44897 | C63: Corea del Sur | D63: 2 | E63: 1 | F63: Portugal | G63: =GANADOR_REAL(C63,D63,F63,E63) -> Corea del Sur | I63: 3 | J63: Uruguay | P63: =D60+E61+E64 -> 2 | Q63: =E60+D61+D64 -> 2 | R63: =P63-Q63 -> 0
B64: 44897 | C64: Ghana | D64: 0 | E64: 2 | F64: Uruguay | G64: =GANADOR_REAL(C64,D64,F64,E64) -> Uruguay | I64: 4 | J64: Corea del Sur | P64: =E60+D62+D63 -> 4 | Q64: =D60+E62+E63 -> 4 | R64: =P64-Q64 -> 0

Sheet Puntajes Cuartos de Final
A1: Nombre | B1: Croacia Vs Brasil | D1: Argentina Vs Paises Bajos | F1: Marruecos Vs Portugal | H1: Inglaterra Vs Francia
B2: Ganador | C2: Puntaje | D2: Ganador | E2: Puntaje | F2: Ganador | G2: Puntaje | H2: Ganador | I2: Puntaje | J2: Puntaje Parcial
A3: ='Pollas Cuartos de Final'!C3 -> Emerson Alexis Gomez | B3: =GANADOR_MARCADOR_POLLA('Pollas Cuartos de Final'!D3,'Pollas Cuartos de Final'!$D$2,'Pollas Cuartos de Final'!E3,'Pollas Cuartos de Final'!$E$2) -> Brasil | C3: =PUNTAJE_GANADORES('Pollas Cuartos de Final'!D3,'Resultados Oficiales Cuartos de'!$C$2,'Pollas Cuartos de Final'!E3,'Resultados Oficiales Cuartos de'!$D$2,B3,'Resultados Oficiales Cuartos de'!$F$2) -> 0 | D3: =GANADOR_MARCADOR_POLLA('Pollas Cuartos de Final'!F3,'Pollas Cuartos de Final'!$F$2,'Pollas Cuartos de Final'!G3,'Pollas Cuartos de Final'!$G$2) -> Paises Bajos | E3: =PUNTAJE_GANADORES('Pollas Cuartos de Final'!F3,'Resultados Oficiales Cuartos de'!$C$3,'Pollas Cuartos de Final'!G3,'Resultados Oficiales Cuartos de'!$D$3,D3,'Resultados Oficiales Cuartos de'!$F$3) -> 1 | F3: =GANADOR_MARCADOR_POLLA('Pollas Cuartos de Final'!H3,'Pollas Cuartos de Final'!$H$2,'Pollas Cuartos de Final'!I3,'Pollas Cuartos de Final'!$I$2) -> Portugal | G3: =PUNTAJE_GANADORES('Pollas Cuartos de Final'!H3,'Resultados Oficiales Cuartos de'!$C$4,'Pollas Cuartos de Final'!I3,'Resultados Oficiales Cuartos de'!$D$4,F3,'Resultados Oficiales Cuartos de'!$F$4) -> 1 | H3: =GANADOR_MARCADOR_POLLA('Pollas Cuartos de Final'!J3,'Pollas Cuartos de Final'!$J$2,'Pollas Cuartos de Final'!K3,'Pollas Cuartos de Final'!$K$2) -> Francia | I3: =PUNTAJE_GANADORES('Pollas Cuartos de Final'!J3,'Resultados Oficiales Cuartos de'!$C$5,'Pollas Cuartos de Final'!K3,'Resultados Oficiales Cuartos de'!$D$5,H3,'Resultados Oficiales Cuartos de'!$F$5) -> 5 | J3: =SUM(C3,E3,G3,I3) -> 7
A4: ='Pollas Cuartos de Final'!C4 -> Club Atletico Vodka Juniors | B4: =GANADOR_MARCADOR_POLLA('Pollas Cuartos de Final'!D4,'Pollas Cuartos de Final'!$D$2,'Pollas Cuartos de Final'!E4,'Pollas Cuartos de Final'!$E$2) -> Brasil | C4: =PUNTAJE_GANADORES('Pollas Cuartos de Final'!D4,'Resultados Oficiales Cuartos de'!$C$2,'Pollas Cuartos de Final'!E4,'Resultados Oficiales Cuartos de'!$D$2,B4,'Resultados Oficiales Cuartos de'!$F$2) -> 0 | D4: =GANADOR_MARCADOR_POLLA('Pollas Cuartos de Final'!F4,'Pollas Cuartos de Final'!$F$2,'Pollas Cuartos de Final'!G4,'Pollas Cuartos de Final'!$G$2) -> Argentina | E4: =PUNTAJE_GANADORES('Pollas Cuartos de Final'!F4,'Resultados Oficiales Cuartos de'!$C$3,'Pollas Cuartos de Final'!G4,'Resultados Oficiales Cuartos de'!$D$3,D4,'Resultados Oficiales Cuartos de'!$F$3) -> 1 | F4: =GANADOR_MARCADOR_POLLA('Pollas Cuartos de Final'!H4,'Pollas Cuartos de Final'!$H$2,'Pollas Cuartos de Final'!I4,'Pollas Cuartos de Final'!$I$2) -> Portugal | G4: =PUNTAJE_GANADORES('Pollas Cuartos de Final'!H4,'Resultados Oficiales Cuartos de'!$C$4,'Pollas Cuartos de Final'!I4,'Resultados Oficiales Cuartos de'!$D$4,F4,'Resultados Oficiales Cuartos de'!$F$4) -> 0 | H4: =GANADOR_MARCADOR_POLLA('Pollas Cuartos de Final'!J4,'Pollas Cuartos de Final'!$J$2,'Pollas Cuartos de Final'!K4,'Pollas Cuartos de Final'!$K$2) -> Francia | I4: =PUNTAJE_GANADORES('Pollas Cuartos de Final'!J4,'Resultados Oficiales Cuartos de'!$C$5,'Pollas Cuartos de Final'!K4,'Resultados Oficiales Cuartos de'!$D$5,H4,'Resultados Oficiales Cuartos de'!$F$5) -> 5 | J4: =SUM(C4,E4,G4,I4) -> 6
A5: ='Pollas Cuartos de Final'!C5 -> Lolita | B5: =GANADOR_MARCADOR_POLLA('Pollas Cuartos de Final'!D5,'Pollas Cuartos de Final'!$D$2,'Pollas Cuartos de Final'!E5,'Pollas Cuartos de Final'!$E$2) -> Brasil | C5: =PUNTAJE_GANADORES('Pollas Cuartos de Final'!D5,'Resultados Oficiales Cuartos de'!$C$2,'Pollas Cuartos de Final'!E5,'Resultados Oficiales Cuartos de'!$D$2,B5,'Resultados Oficiales Cuartos de'!$F$2) -> 0 | D5: =GANADOR_MARCADOR_POLLA('Pollas Cuartos de Final'!F5,'Pollas Cuartos de Final'!$F$2,'Pollas Cuartos de Final'!G5,'Pollas Cuartos de Final'!$G$2) -> Argentina | E5: =PUNTAJE_GANADORES('Pollas Cuartos de Final'!F5,'Resultados Oficiales Cuartos de'!$C$3,'Pollas Cuartos de Final'!G5,'Resultados Oficiales Cuartos de'!$D$3,D5,'Resultados Oficiales Cuartos de'!$F$3) -> 1 | F5: =GANADOR_MARCADOR_POLLA('Pollas Cuartos de Final'!H5,'Pollas Cuartos de Final'!$H$2,'Pollas Cuartos de Final'!I5,'Pollas Cuartos de Final'!$I$2) -> Portugal | G5: =PUNTAJE_GANADORES('Pollas Cuartos de Final'!H5,'Resultados Oficiales Cuartos de'!$C$4,'Pollas Cuartos de Final'!I5,'Resultados Oficiales Cuartos de'!$D$4,F5,'Resultados Oficiales Cuartos de'!$F$4) -> 1 | H5: =GANADOR_MARCADOR_POLLA('Pollas Cuartos de Final'!J5,'Pollas Cuartos de Final'!$J$2,'Pollas Cuartos de Final'!K5,'Pollas Cuartos de Final'!$K$2) -> EMPATE | I5: =PUNTAJE_GANADORES('Pollas Cuartos de Final'!J5,'Resultados Oficiales Cuartos de'!$C$5,'Pollas Cuartos de Final'!K5,'Resultados Oficiales Cuartos de'!$D$5,H5,'Resultados Oficiales Cuartos de'!$F$5) -> 1 | J5: =SUM(C5,E5,G5,I5) -> 3
A6: ='Pollas Cuartos de Final'!C6 -> Juan Esteban Montoya Hincapie | B6: =GANADOR_MARCADOR_POLLA('Pollas Cuartos de Final'!D6,'Pollas Cuartos de Final'!$D$2,'Pollas Cuartos de Final'!E6,'Pollas Cuartos de Final'!$E$2) -> EMPATE | C6: =PUNTAJE_GANADORES('Pollas Cuartos de Final'!D6,'Resultados Oficiales Cuartos de'!$C$2,'Pollas Cuartos de Final'!E6,'Resultados Oficiales Cuartos de'!$D$2,B6,'Resultados Oficiales Cuartos de'!$F$2) -> 1 | D6: =GANADOR_MARCADOR_POLLA('Pollas Cuartos de Final'!F6,'Pollas Cuartos de Final'!$F$2,'Pollas Cuartos de Final'!G6,'Pollas Cuartos de Final'!$G$2) -> Argentina | E6: =PUNTAJE_GANADORES('Pollas Cuartos de Final'!F6,'Resultados Oficiales Cuartos de'!$C$3,'Pollas Cuartos de Final'!G6,'Resultados Oficiales Cuartos de'!$D$3,D6,'Resultados Oficiales Cuartos de'!$F$3) -> 1 | F6: =GANADOR_MARCADOR_POLLA('Pollas Cuartos de Final'!H6,'Pollas Cuartos de Final'!$H$2,'Pollas Cuartos de Final'!I6,'Pollas Cuartos de Final'!$I$2) -> Marruecos | G6: =PUNTAJE_GANADORES('Pollas Cuartos de Final'!H6,'Resultados Oficiales Cuartos de'!$C$4,'Pollas Cuartos de Final'!I6,'Resultados Oficiales Cuartos de'!$D$4,F6,'Resultados Oficiales Cuartos de'!$F$4) -> 2 | H6: =GANADOR_MARCADOR_POLLA('Pollas Cuartos de Final'!J6,'Pollas Cuartos de Final'!$J$2,'Pollas Cuartos de Final'!K6,'Pollas Cuartos de Final'!$K$2) -> Francia | I6: =PUNTAJE_GANADORES('Pollas Cuartos de Final'!J6,'Resultados Oficiales Cuartos de'!$C$5,'Pollas Cuartos de Final'!K6,'Resultados Oficiales Cuartos de'!$D$5,H6,'Resultados Oficiales Cuartos de'!$F$5) -> 5 | J6: =SUM(C6,E6,G6,I6) -> 9
A7: ='Pollas Cuartos de Final'!C7 -> Alejandro Botero | B7: =GANADOR_MARCADOR_POLLA('Pollas Cuartos de Final'!D7,'Pollas Cuartos de Final'!$D$2,'Pollas Cuartos de Final'!E7,'Pollas Cuartos de Final'!$E$2) -> Brasil | C7: =PUNTAJE_GANADORES('Pollas Cuartos de Final'!D7,'Resultados Oficiales Cuartos de'!$C$2,'Pollas Cuartos de Final'!E7,'Resultados Oficiales Cuartos de'!$D$2,B7,'Resultados Oficiales Cuartos de'!$F$2) -> 1 | D7: =GANADOR_MARCADOR_POLLA('Pollas Cuartos de Final'!F7,'Pollas Cuartos de Final'!$F$2,'Pollas Cuartos de Final'!G7,'Pollas Cuartos de Final'!$G$2) -> EMPATE | E7: =PUNTAJE_GANADORES('Pollas Cuartos de Final'!F7,'Resultados Oficiales Cuartos de'!$C$3,'Pollas Cuartos de Final'!G7,'Resultados Oficiales Cuartos de'!$D$3,D7,'Resultados Oficiales Cuartos de'!$F$3) -> 1 | F7: =GANADOR_MARCADOR_POLLA('Pollas Cuartos de Final'!H7,'Pollas Cuartos de Final'!$H$2,'Pollas Cuartos de Final'!I7,'Pollas Cuartos de Final'!$I$2) -> Portugal | G7: =PUNTAJE_GANADORES('Pollas Cuartos de Final'!H7,'Resultados Oficiales Cuartos de'!$C$4,'Pollas Cuartos de Final'!I7,'Resultados Oficiales Cuartos de'!$D$4,F7,'Resultados Oficiales Cuartos de'!$F$4) -> 1 | H7: =GANADOR_MARCADOR_POLLA('Pollas Cuartos de Final'!J7,'Pollas Cuartos de Final'!$J$2,'Pollas Cuartos de Final'!K7,'Pollas Cuartos de Final'!$K$2) -> EMPATE | I7: =PUNTAJE_GANADORES('Pollas Cuartos de Final'!J7,'Resultados Oficiales Cuartos de'!$C$5,'Pollas Cuartos de Final'!K7,'Resultados Oficiales Cuartos de'!$D$5,H7,'Resultados Oficiales Cuartos de'!$F$5) -> 1 | J7: =SUM(C7,E7,G7,I7) -> 4
A8: ='Pollas Cuartos de Final'!C8 -> La qatarsis mundial | B8: =GANADOR_MARCADOR_POLLA('Pollas Cuartos de Final'!D8,'Pollas Cuartos de Final'!$D$2,'Pollas Cuartos de Final'!E8,'Pollas Cuartos de Final'!$E$2) -> Brasil | C8: =PUNTAJE_GANADORES('Pollas Cuartos de Final'!D8,'Resultados Oficiales Cuartos de'!$C$2,'Pollas Cuartos de Final'!E8,'Resultados Oficiales Cuartos de'!$D$2,B8,'Resultados Oficiales Cuartos de'!$F$2) -> 0 | D8: =GANADOR_MARCADOR_POLLA('Pollas Cuartos de Final'!F8,'Pollas Cuartos de Final'!$F$2,'Pollas Cuartos de Final'!G8,'Pollas Cuartos de Final'!$G$2) -> EMPATE | E8: =PUNTAJE_GANADORES('Pollas Cuartos de Final'!F8,'Resultados Oficiales Cuartos de'!$C$3,'Pollas Cuartos de Final'!G8,'Resultados Oficiales Cuartos de'!$D$3,D8,'Resultados Oficiales Cuartos de'!$F$3) -> 5 | F8: =GANADOR_MARCADOR_POLLA('Pollas Cuartos de Final'!H8,'Pollas Cuartos de Final'!$H$2,'Pollas Cuartos de Final'!I8,'Pollas Cuartos de Final'!$I$2) -> Portugal | G8: =PUNTAJE_GANADORES('Pollas Cuartos de Final'!H8,'Resultados Oficiales Cuartos de'!$C$4,'Pollas Cuartos de Final'!I8,'Resultados Oficiales Cuartos de'!$D$4,F8,'Resultados Oficiales Cuartos de'!$F$4) -> 1 | H8: =GANADOR_MARCADOR_POLLA('Pollas Cuartos de Final'!J8,'Pollas Cuartos de Final'!$J$2,'Pollas Cuartos de Final'!K8,'Pollas Cuartos de Final'!$K$2) -> Francia | I8: =PUNTAJE_GANADORES('Pollas Cuartos de Final'!J8,'Resultados Oficiales Cuartos de'!$C$5,'Pollas Cuartos de Final'!K8,'Resultados Oficiales Cuartos de'!$D$5,H8,'Resultados Oficiales Cuartos de'!$F$5) -> 5 | J8: =SUM(C8,E8,G8,I8) -> 11
A9: ='Pollas Cuartos de Final'!C9 -> Lore Mira | B9: =GANADOR_MARCADOR_POLLA('Pollas Cuartos de Final'!D9,'Pollas Cuartos de Final'!$D$2,'Pollas Cuartos de Final'!E9,'Pollas Cuartos de Final'!$E$2) -> Croacia | C9: =PUNTAJE_GANADORES('Pollas Cuartos de Final'!D9,'Resultados Oficiales Cuartos de'!$C$2,'Pollas Cuartos de Final'!E9,'Resultados Oficiales Cuartos de'!$D$2,B9,'Resultados Oficiales Cuartos de'!$F$2) -> 1 | D9: =GANADOR_MARCADOR_POLLA('Pollas Cuartos de Final'!F9,'Pollas Cuartos de Final'!$F$2,'Pollas Cuartos de Final'!G9,'Pollas Cuartos de Final'!$G$2) -> Paises Bajos | E9: =PUNTAJE_GANADORES('Pollas Cuartos de Final'!F9,'Resultados Oficiales Cuartos de'!$C$3,'Pollas Cuartos de Final'!G9,'Resultados Oficiales Cuartos de'!$D$3,D9,'Resultados Oficiales Cuartos de'!$F$3) -> 0 | F9: =GANADOR_MARCADOR_POLLA('Pollas Cuartos de Final'!H9,'Pollas Cuartos de Final'!$H$2,'Pollas Cuartos de Final'!I9,'Pollas Cuartos de Final'!$I$2) -> Marruecos | G9: =PUNTAJE_GANADORES('Pollas Cuartos de Final'!H9,'Resultados Oficiales Cuartos de'!$C$4,'Pollas Cuartos de Final'!I9,'Resultados Oficiales Cuartos de'!$D$4,F9,'Resultados Oficiales Cuartos de'!$F$4) -> 3 | H9: =GANADOR_MARCADOR_POLLA('Pollas Cuartos de Final'!J9,'Pollas Cuartos de Final'!$J$2,'Pollas Cuartos de Final'!K9,'Pollas Cuartos de Final'!$K$2) -> EMPATE | I9: =PUNTAJE_GANADORES('Pollas Cuartos de Final'!J9,'Resultados Oficiales Cuartos de'!$C$5,'Pollas Cuartos de Final'!K9,'Resultados Oficiales Cuartos de'!$D$5,H9,'Resultados Oficiales Cuartos de'!$F$5) -> 1 | J9: =SUM(C9,E9,G9,I9) -> 5
A10: ='Pollas Cuartos de Final'!C10 -> Pregunte por lo que no vea | B10: =GANADOR_MARCADOR_POLLA('Pollas Cuartos de Final'!D10,'Pollas Cuartos de Final'!$D$2,'Pollas Cuartos de Final'!E10,'Pollas Cuartos de Final'!$E$2) -> Brasil | C10: =PUNTAJE_GANADORES('Pollas Cuartos de Final'!D10,'Resultados Oficiales Cuartos de'!$C$2,'Pollas Cuartos de Final'!E10,'Resultados Oficiales Cuartos de'!$D$2,B10,'Resultados Oficiales Cuartos de'!$F$2) -> 0 | D10: =GANADOR_MARCADOR_POLLA('Pollas Cuartos de Final'!F10,'Pollas Cuartos de Final'!$F$2,'Pollas Cuartos de Final'!G10,'Pollas Cuartos de Final'!$G$2) -> Argentina | E10: =PUNTAJE_GANADORES('Pollas Cuartos de Final'!F10,'Resultados Oficiales Cuartos de'!$C$3,'Pollas Cuartos de Final'!G10,'Resultados Oficiales Cuartos de'!$D$3,D10,'Resultados Oficiales Cuartos de'!$F$3) -> 1 | F10: =GANADOR_MARCADOR_POLLA('Pollas Cuartos de Final'!H10,'Pollas Cuartos de Final'!$H$2,'Pollas Cuartos de Final'!I10,'Pollas Cuartos de Final'!$I$2) -> Marruecos | G10: =PUNTAJE_GANADORES('Pollas Cuartos de Final'!H10,'Resultados Oficiales Cuartos de'!$C$4,'Pollas Cuartos de Final'!I10,'Resultados Oficiales Cuartos de'!$D$4,F10,'Resultados Oficiales Cuartos de'!$F$4) -> 2 | H10: =GANADOR_MARCADOR_POLLA('Pollas Cuartos de Final'!J10,'Pollas Cuartos de Final'!$J$2,'Pollas Cuartos de Final'!K10,'Pollas Cuartos de Final'!$K$2) -> Francia | I10: =PUNTAJE_GANADORES('Pollas Cuartos de Final'!J10,'Resultados Oficiales Cuartos de'!$C$5,'Pollas Cuartos de Final'!K10,'Resultados Oficiales Cuartos de'!$D$5,H10,'Resultados Oficiales Cuartos de'!$F$5) -> 3 | J10: =SUM(C10,E10,G10,I10) -> 6
A11: ='Pollas Cuartos de Final'!C11 -> Casa VIII | B11: =GANADOR_MARCADOR_POLLA('Pollas Cuartos de Final'!D11,'Pollas Cuartos de Final'!$D$2,'Pollas Cuartos de Final'!E11,'Pollas Cuartos de Final'!$E$2) -> Brasil | C11: =PUNTAJE_GANADORES('Pollas Cuartos de Final'!D11,'Resultados Oficiales Cuartos de'!$C$2,'Pollas Cuartos de Final'!E11,'Resultados Oficiales Cuartos de'!$D$2,B11,'Resultados Oficiales Cuartos de'!$F$2) -> 0 | D11: =GANADOR_MARCADOR_POLLA('Pollas Cuartos de Final'!F11,'Pollas Cuartos de Final'!$F$2,'Pollas Cuartos de Final'!G11,'Pollas Cuartos de Final'!$G$2) -> Argentina | E11: =PUNTAJE_GANADORES('Pollas Cuartos de Final'!F11,'Resultados Oficiales Cuartos de'!$C$3,'Pollas Cuartos de Final'!G11,'Resultados Oficiales Cuartos de'!$D$3,D11,'Resultados Oficiales Cuartos de'!$F$3) -> 1 | F11: =GANADOR_MARCADOR_POLLA('Pollas Cuartos de Final'!H11,'Pollas Cuartos de Final'!$H$2,'Pollas Cuartos de Final'!I11,'Pollas Cuartos de Final'!$I$2) -> Portugal | G11: =PUNTAJE_GANADORES('Pollas Cuartos de Final'!H11,'Resultados Oficiales Cuartos de'!$C$4,'Pollas Cuartos de Final'!I11,'Resultados Oficiales Cuartos de'!$D$4,F11,'Resultados Oficiales Cuartos de'!$F$4) -> 0 | H11: =GANADOR_MARCADOR_POLLA('Pollas Cuartos de Final'!J11,'Pollas Cuartos de Final'!$J$2,'Pollas Cuartos de Final'!K11,'Pollas Cuartos de Final'!$K$2) -> EMPATE | I11: =PUNTAJE_GANADORES('Pollas Cuartos de Final'!J11,'Resultados Oficiales Cuartos de'!$C$5,'Pollas Cuartos de Final'!K11,'Resultados Oficiales Cuartos de'!$D$5,H11,'Resultados Oficiales Cuartos de'!$F$5) -> 1 | J11: =SUM(C11,E11,G11,I11) -> 2
A12: ='Pollas Cuartos de Final'!C12 -> Alex Garcia | B12: =GANADOR_MARCADOR_POLLA('Pollas Cuartos de Final'!D12,'Pollas Cuartos de Final'!$D$2,'Pollas Cuartos de Final'!E12,'Pollas Cuartos de Final'!$E$2) -> Brasil | C12: =PUNTAJE_GANADORES('Pollas Cuartos de Final'!D12,'Resultados Oficiales Cuartos de'!$C$2,'Pollas Cuartos de Final'!E12,'Resultados Oficiales Cuartos de'!$D$2,B12,'Resultados Oficiales Cuartos de'!$F$2) -> 0 | D12: =GANADOR_MARCADOR_POLLA('Pollas Cuartos de Final'!F12,'Pollas Cuartos de Final'!$F$2,'Pollas Cuartos de Final'!G12,'Pollas Cuartos de Final'!$G$2) -> Argentina | E12: =PUNTAJE_GANADORES('Pollas Cuartos de Final'!F12,'Resultados Oficiales Cuartos de'!$C$3,'Pollas Cuartos de Final'!G12,'Resultados Oficiales Cuartos de'!$D$3,D12,'Resultados Oficiales Cuartos de'!$F$3) -> 0 | F12: =GANADOR_MARCADOR_POLLA('Pollas Cuartos de Final'!H12,'Pollas Cuartos de Final'!$H$2,'Pollas Cuartos de Final'!I12,'Pollas Cuartos de Final'!$I$2) -> Portugal | G12: =PUNTAJE_GANADORES('Pollas Cuartos de Final'!H12,'Resultados Oficiales Cuartos de'!$C$4,'Pollas Cuartos de Final'!I12,'Resultados Oficiales Cuartos de'!$D$4,F12,'Resultados Oficiales Cuartos de'!$F$4) -> 1 | H12: =GANADOR_MARCADOR_POLLA('Pollas Cuartos de Final'!J12,'Pollas Cuartos de Final'!$J$2,'Pollas Cuartos de Final'!K12,'Pollas Cuartos de Final'!$K$2) -> EMPATE | I12: =PUNTAJE_GANADORES('Pollas Cuartos de Final'!J12,'Resultados Oficiales Cuartos de'!$C$5,'Pollas Cuartos de Final'!K12,'Resultados Oficiales Cuartos de'!$D$5,H12,'Resultados Oficiales Cuartos de'!$F$5) -> 1 | J12: =SUM(C12,E12,G12,I12) -> 2
A13: ='Pollas Cuartos de Final'!C13 -> Marta Restrepo | B13: =GANADOR_MARCADOR_POLLA('Pollas Cuartos de Final'!D13,'Pollas Cuartos de Final'!$D$2,'Pollas Cuartos de Final'!E13,'Pollas Cuartos de Final'!$E$2) -> Brasil | C13: =PUNTAJE_GANADORES('Pollas Cuartos de Final'!D13,'Resultados Oficiales Cuartos de'!$C$2,'Pollas Cuartos de Final'!E13,'Resultados Oficiales Cuartos de'!$D$2,B13,'Resultados Oficiales Cuartos de'!$F$2) -> 0 | D13: =GANADOR_MARCADOR_POLLA('Pollas Cuartos de Final'!F13,'Pollas Cuartos de Final'!$F$2,'Pollas Cuartos de Final'!G13,'Pollas Cuartos de Final'!$G$2) -> Argentina | E13: =PUNTAJE_GANADORES('Pollas Cuartos de Final'!F13,'Resultados Oficiales Cuartos de'!$C$3,'Pollas Cuartos de Final'!G13,'Resultados Oficiales Cuartos de'!$D$3,D13,'Resultados Oficiales Cuartos de'!$F$3) -> 0 | F13: =GANADOR_MARCADOR_POLLA('Pollas Cuartos de Final'!H13,'Pollas Cuartos de Final'!$H$2,'Pollas Cuartos de Final'!I13,'Pollas Cuartos de Final'!$I$2) -> EMPATE | G13: =PUNTAJE_GANADORES('Pollas Cuartos de Final'!H13,'Resultados Oficiales Cuartos de'!$C$4,'Pollas Cuartos de Final'!I13,'Resultados Oficiales Cuartos de'!$D$4,F13,'Resultados Oficiales Cuartos de'!$F$4) -> 1 | H13: =GANADOR_MARCADOR_POLLA('Pollas Cuartos de Final'!J13,'Pollas Cuartos de Final'!$J$2,'Pollas Cuartos de Final'!K13,'Pollas Cuartos de Final'!$K$2) -> EMPATE | I13: =PUNTAJE_GANADORES('Pollas Cuartos de Final'!J13,'Resultados Oficiales Cuartos de'!$C$5,'Pollas Cuartos de Final'!K13,'Resultados Oficiales Cuartos de'!$D$5,H13,'Resultados Oficiales Cuartos de'!$F$5) -> 1 | J13: =SUM(C13,E13,G13,I13) -> 2
A14: ='Pollas Cuartos de Final'!C14 -> Mauricio Perez (Mauro chef) | B14: =GANADOR_MARCADOR_POLLA('Pollas Cuartos de Final'!D14,'Pollas Cuartos de Final'!$D$2,'Pollas Cuartos de Final'!E14,'Pollas Cuartos de Final'!$E$2) -> Brasil | C14: =PUNTAJE_GANADORES('Pollas Cuartos de Final'!D14,'Resultados Oficiales Cuartos de'!$C$2,'Pollas Cuartos de Final'!E14,'Resultados Oficiales Cuartos de'!$D$2,B14,'Resultados Oficiales Cuartos de'!$F$2) -> 0 | D14: =GANADOR_MARCADOR_POLLA('Pollas Cuartos de Final'!F14,'Pollas Cuartos de Final'!$F$2,'Pollas Cuartos de Final'!G14,'Pollas Cuartos de Final'!$G$2) -> Paises Bajos | E14: =PUNTAJE_GANADORES('Pollas Cuartos de Final'!F14,'Resultados Oficiales Cuartos de'!$C$3,'Pollas Cuartos de Final'!G14,'Resultados Oficiales Cuartos de'!$D$3,D14,'Resultados Oficiales Cuartos de'!$F$3) -> 1 | F14: =GANADOR_MARCADOR_POLLA('Pollas Cuartos de Final'!H14,'Pollas Cuartos de Final'!$H$2,'Pollas Cuartos de Final'!I14,'Pollas Cuartos de Final'!$I$2) -> Portugal | G14: =PUNTAJE_GANADORES('Pollas Cuartos de Final'!H14,'Resultados Oficiales Cuartos de'!$C$4,'Pollas Cuartos de Final'!I14,'Resultados Oficiales Cuartos de'!$D$4,F14,'Resultados Oficiales Cuartos de'!$F$4) -> 0 | H14: =GANADOR_MARCADOR_POLLA('Pollas Cuartos de Final'!J14,'Pollas Cuartos de Final'!$J$2,'Pollas Cuartos de Final'!K14,'Pollas Cuartos de Final'!$K$2) -> Francia | I14: =PUNTAJE_GANADORES('Pollas Cuartos de Final'!J14,'Resultados Oficiales Cuartos de'!$C$5,'Pollas Cuartos de Final'!K14,'Resultados Oficiales Cuartos de'!$D$5,H14,'Resultados Oficiales Cuartos de'!$F$5) -> 5 | J14: =SUM(C14,E14,G14,I14) -> 6
... A31: ='Pollas Cuartos de Final'!C31 -> Luchismo | B31: =GANADOR_MARCADOR_POLLA('Pollas Cuartos de Final'!D31,'Pollas Cuartos de Final'!$D$2,'Pollas Cuartos de Final'!E31,'Pollas Cuartos de Final'!$E$2) -> Brasil | C31: =PUNTAJE_GANADORES('Pollas Cuartos de Final'!D31,'Resultados Oficiales Cuartos de'!$C$2,'Pollas Cuartos de Final'!E31,'Resultados Oficiales Cuartos de'!$D$2,B31,'Resultados Oficiales Cuartos de'!$F$2) -> 1 | D31: =GANADOR_MARCADOR_POLLA('Pollas Cuartos de Final'!F31,'Pollas Cuartos de Final'!$F$2,'Pollas Cuartos de Final'!G31,'Pollas Cuartos de Final'!$G$2) -> EMPATE | E31: =PUNTAJE_GANADORES('Pollas Cuartos de Final'!F31,'Resultados Oficiales Cuartos de'!$C$3,'Pollas Cuartos de Final'!G31,'Resultados Oficiales Cuartos de'!$D$3,D31,'Resultados Oficiales Cuartos de'!$F$3) -> 5 | F31: =GANADOR_MARCADOR_POLLA('Pollas Cuartos de Final'!H31,'Pollas Cuartos de Final'!$H$2,'Pollas Cuartos de Final'!I31,'Pollas Cuartos de Final'!$I$2) -> Portugal | G31: =PUNTAJE_GANADORES('Pollas Cuartos de Final'!H31,'Resultados Oficiales Cuartos de'!$C$4,'Pollas Cuartos de Final'!I31,'Resultados Oficiales Cuartos de'!$D$4,F31,'Resultados Oficiales Cuartos de'!$F$4) -> 1 | H31: =GANADOR_MARCADOR_POLLA('Pollas Cuartos de Final'!J31,'Pollas Cuartos de Final'!$J$2,'Pollas Cuartos de Final'!K31,'Pollas Cuartos de Final'!$K$2) -> EMPATE | I31: =PUNTAJE_GANADORES('Pollas Cuartos de Final'!J31,'Resultados Oficiales Cuartos de'!$C$5,'Pollas Cuartos de Final'!K31,'Resultados Oficiales Cuartos de'!$D$5,H31,'Resultados Oficiales Cuartos de'!$F$5) -> 1 | J31: =SUM(C31,E31,G31,I31) -> 8

Sheet Puntajes Fases de Grupos
A1: NOMBRE | B1: Qatar Vs Ecuador | D1: Senegal Vs Paises Bajos | F1: Qatar Vs Senegal | H1: Paises Bajos vs Ecuador | J1: Paises Bajos vs Qatar | L1: Ecuador vs Senegal | N1: Inglaterra vs Iran | P1: Estados Unidos vs Gales | R1: Inglaterra vs Estados Unidos | T1: Gales vs Iran | V1: Gales vs Inglaterra | X1: Iran vs Estados Unidos | Z1: Argentina vs Arabia Saudita | AB1: Mexico vs Polonia | AD1: Argentina vs Mexico | AF1: Polonia vs Arabia Saudita | AH1: Polonia vs Argentina | AJ1: Arabia Saudita vs Mexico | AL1: Francia vs Australia | AN1: Dinamarca vs Tunez | AP1: Francia vs Dinamarca | AR1: Tunez vs Australia | AT1: Tunez vs Francia | AV1: Australia vs Dinamarca | AX1: España vs Costa Rica | AZ1: Alemania vs Japon | BB1: España vs Alemania | BD1: Japón vs Costa Rica | BF1: Japón vs España | BH1: Costa Rica vs Alemania | BJ1: Belgica vs Canada | BL1: Marruecos vs Croacia | BN1: Belgica vs Marruecos | BP1: Croacia vs Canada | BR1: Croacia vs Belgica | BT1: Canada vs Marruecos | BV1: Brasil vs Serbia | BX1: Suiza vs Camerun | BZ1: Brasil vs Suiza | CB1: Camerun vs Serbia | CD1: Camerun vs Brasil | CF1: Serbia vs Suiza | CH1: Portugal vs Ghana | CJ1: Uruguay vs Corea del Sur | CL1: Portugal vs Uruguay | CN1: Corea del Sur vs Ghana | CP1: Corea del Sur vs Portugal | CR1: Ghana vs Uruguay
B2: Ganador | C2: Puntos | D2: Ganador | E2: Puntos | F2: Ganador | G2: Puntos | H2: Ganador | I2: Puntos | J2: Ganador | K2: Puntos | L2: Ganador | M2: Puntos | N2: Ganador | O2: Puntos | P2: Ganador | Q2: Puntos | R2: Ganador | S2: Puntos | T2: Ganador | U2: Puntos | V2: Ganador | W2: Puntos | X2: Ganador | Y2: Puntos | Z2: Ganador | AA2: Puntos | AB2: Ganador | AC2: Puntos | AD2: Ganador | AE2: Puntos | AF2: Ganador | AG2: Puntos | AH2: Ganador | AI2: Puntos | AJ2: Ganador | AK2: Puntos | AL2: Ganador | AM2: Puntos | AN2: Ganador | AO2: Puntos | AP2: Ganador | AQ2: Puntos | AR2: Ganador | AS2: Puntos | AT2: Ganador | AU2: Puntos | AV2: Ganador | AW2: Puntos | AX2: Ganador | AY2: Puntos | AZ2: Ganador | BA2: Puntos | BB2: Ganador | BC2: Puntos | BD2: Ganador | BE2: Puntos | BF2: Ganador | BG2: Puntos | BH2: Ganador | BI2: Puntos | BJ2: Ganador | BK2: Puntos | BL2: Ganador | BM2: Puntos | BN2: Ganador | BO2: Puntos | BP2: Ganador | BQ2: Puntos | BR2: Ganador | BS2: Puntos | BT2: Ganador | BU2: Puntos | BV2: Ganador | BW2: Puntos | BX2: Ganador | BY2: Puntos | BZ2: Ganador | CA2: Puntos | CB2: Ganador | CC2: Puntos | CD2: Ganador | CE2: Puntos | CF2: Ganador | CG2: Puntos | CH2: Ganador | CI2: Puntos | CJ2: Ganador | CK2: Puntos | CL2: Ganador | CM2: Puntos | CN2: Ganador | CO2: Puntos | CP2: Ganador | CQ2: Puntos | CR2: Ganador | CS2: Puntos | CT2: PUNTOS | CV2: PUNTOS VERIFICADOS
A3: ='Pollas Fase de Grupos'!CV3 -> Mauricio Perez (Mauro chef) | B3: =IF('Pollas Fase de Grupos'!D3>'Pollas Fase de Grupos'!E3,'Pollas Fase de Grupos'!$D$2,IF('Pollas Fase de Grupos'!E3>'Pollas Fase de Grupos'!D3,'Pollas Fase de Grupos'!$E$2,"EMPATE")) -> Qatar | C3: =PUNTAJE_GANADORES('Pollas Fase de Grupos'!D3,'Resultados Oficiales Fase de Gr'!$D$3,'Pollas Fase de Grupos'!E3,'Resultados Oficiales Fase de Gr'!$E$3,B3,'Resultados Oficiales Fase de Gr'!$G$3) -> 0 | D3: =IF('Pollas Fase de Grupos'!F3>'Pollas Fase de Grupos'!G3,'Pollas Fase de Grupos'!$F$2,IF('Pollas Fase de Grupos'!G3>'Pollas Fase de Grupos'!F3,'Pollas Fase de Grupos'!$G$2,"EMPATE")) -> Paises Bajos | E3: =PUNTAJE_GANADORES('Pollas Fase de Grupos'!F3,'Resultados Oficiales Fase de Gr'!$D$4,'Pollas Fase de Grupos'!G3,'Resultados Oficiales Fase de Gr'!$E$4,D3,'Resultados Oficiales Fase de Gr'!$G$4) -> 5 | F3: =IF('Pollas Fase de Grupos'!H3>'Pollas Fase de Grupos'!I3,'Pollas Fase de Grupos'!$H$2,IF('Pollas Fase de Grupos'!I3>'Pollas Fase de Grupos'!H3,'Pollas Fase de Grupos'!$I$2,"EMPATE")) -> Senegal | G3: =PUNTAJE_GANADORES('Pollas Fase de Grupos'!H3,'Resultados Oficiales Fase de Gr'!$D$5,'Pollas Fase de Grupos'!I3,'Resultados Oficiales Fase de Gr'!$E$5,F3,'Resultados Oficiales Fase de Gr'!$G$5) -> 2 | H3: =IF('Pollas Fase de Grupos'!J3>'Pollas Fase de Grupos'!K3,'Pollas Fase de Grupos'!$J$2,IF('Pollas Fase de Grupos'!K3>'Pollas Fase de Grupos'!J3,'Pollas Fase de Grupos'!$K$2,"EMPATE")) -> Paises Bajos | I3: =PUNTAJE_GANADORES('Pollas Fase de Grupos'!J3,'Resultados Oficiales Fase de Gr'!$D$6,'Pollas Fase de Grupos'!K3,'Resultados Oficiales Fase de Gr'!$E$6,H3,'Resultados Oficiales Fase de Gr'!$G$6) -> 0 | J3: =IF('Pollas Fase de Grupos'!L3>'Pollas Fase de Grupos'!M3,'Pollas Fase de Grupos'!$L$2,IF('Pollas Fase de Grupos'!M3>'Pollas Fase de Grupos'!L3,'Pollas Fase de Grupos'!$M$2,"EMPATE")) -> Paises Bajos | K3: =PUNTAJE_GANADORES('Pollas Fase de Grupos'!L3,'Resultados Oficiales Fase de Gr'!$D$7,'Pollas Fase de Grupos'!M3,'Resultados Oficiales Fase de Gr'!$E$7,J3,'Resultados Oficiales Fase de Gr'!$G$7) -> 3 | L3: =IF('Pollas Fase de Grupos'!N3>'Pollas Fase de Grupos'!O3,'Pollas Fase de Grupos'!$N$2,IF('Pollas Fase de Grupos'!O3>'Pollas Fase de Grupos'!N3,'Pollas Fase de Grupos'!$O$2,"EMPATE")) -> EMPATE | M3: =PUNTAJE_GANADORES('Pollas Fase de Grupos'!N3,'Resultados Oficiales Fase de Gr'!$D$8,'Pollas Fase de Grupos'!O3,'Resultados Oficiales Fase de Gr'!$E$8,L3,'Resultados Oficiales Fase de Gr'!$G$8) -> 1 | N3: =IF('Pollas Fase de Grupos'!P3>'Pollas Fase de Grupos'!Q3,'Pollas Fase de Grupos'!$P$2,IF('Pollas Fase de Grupos'!Q3>'Pollas Fase de Grupos'!P3,'Pollas Fase de Grupos'!$Q$2,"EMPATE")) -> Inglaterra | O3: =PUNTAJE_GANADORES('Pollas Fase de Grupos'!P3,'Resultados Oficiales Fase de Gr'!$D$11,'Pollas Fase de Grupos'!Q3,'Resultados Oficiales Fase de Gr'!$E$11,N3,'Resultados Oficiales Fase de Gr'!$G$11) -> 2 | P3: =IF('Pollas Fase de Grupos'!R3>'Pollas Fase de Grupos'!S3,'Pollas Fase de Grupos'!$R$2,IF('Pollas Fase de Grupos'!S3>'Pollas Fase de Grupos'!R3,'Pollas Fase de Grupos'!$S$2,"EMPATE")) -> EMPATE | Q3: =PUNTAJE_GANADORES('Pollas Fase de Grupos'!R3,'Resultados Oficiales Fase de Gr'!$D$12,'Pollas Fase de Grupos'!S3,'Resultados Oficiales Fase de Gr'!$E$12,P3,'Resultados Oficiales Fase de Gr'!$G$12) -> 5 | R3: =IF('Pollas Fase de Grupos'!T3>'Pollas Fase de Grupos'!U3,'Pollas Fase de Grupos'!$T$2,IF('Pollas Fase de Grupos'!U3>'Pollas Fase de Grupos'!T3,'Pollas Fase de Grupos'!$U$2,"EMPATE")) -> Inglaterra | S3: =PUNTAJE_GANADORES('Pollas Fase de Grupos'!T3,'Resultados Oficiales Fase de Gr'!$D$13,'Pollas Fase de Grupos'!U3,'Resultados Oficiales Fase de Gr'!$E$13,R3,'Resultados Oficiales Fase de Gr'!$G$13) -> 1 | T3: =IF('Pollas Fase de Grupos'!V3>'Pollas Fase de Grupos'!W3,'Pollas Fase de Grupos'!$V$2,IF('Pollas Fase de Grupos'!W3>'Pollas Fase de Grupos'!V3,'Pollas Fase de Grupos'!$W$2,"EMPATE")) -> Gales | U3: =PUNTAJE_GANADORES('Pollas Fase de Grupos'!V3,'Resultados Oficiales Fase de Gr'!$D$14,'Pollas Fase de Grupos'!W3,'Resultados Oficiales Fase de Gr'!$E$14,T3,'Resultados Oficiales Fase de Gr'!$G$14) -> 0 | V3: =IF('Pollas Fase de Grupos'!X3>'Pollas Fase de Grupos'!Y3,'Pollas Fase de Grupos'!$X$2,IF('Pollas Fase de Grupos'!Y3>'Pollas Fase de Grupos'!X3,'Pollas Fase de Grupos'!$Y$2,"EMPATE")) -> Inglaterra | W3: =PUNTAJE_GANADORES('Pollas Fase de Grupos'!X3,'Resultados Oficiales Fase de Gr'!$D$15,'Pollas Fase de Grupos'!Y3,'Resultados Oficiales Fase de Gr'!$E$15,V3,'Resultados Oficiales Fase de Gr'!$G$15) -> 3 | X3: =IF('Pollas Fase de Grupos'!Z3>'Pollas Fase de Grupos'!AA3,'Pollas Fase de Grupos'!$Z$2,IF('Pollas Fase de Grupos'!AA3>'Pollas Fase de Grupos'!Z3,'Pollas Fase de Grupos'!$AA$2,"EMPATE")) -> Estados Unidos | Y3: =PUNTAJE_GANADORES('Pollas Fase de Grupos'!Z3,'Resultados Oficiales Fase de Gr'!$D$16,'Pollas Fase de Grupos'!AA3,'Resultados Oficiales Fase de Gr'!$E$16,X3,'Resultados Oficiales Fase de Gr'!$G$16) -> 5 | Z3: =IF('Pollas Fase de Grupos'!AB3>'Pollas Fase de Grupos'!AC3,'Pollas Fase de Grupos'!$AB$2,IF('Pollas Fase de Grupos'!AC3>'Pollas Fase de Grupos'!AB3,'Pollas Fase de Grupos'!$AC$2,"EMPATE")) -> Argentina | AA3: =PUNTAJE_GANADORES('Pollas Fase de Grupos'!AB3,'Resultados Oficiales Fase de Gr'!$D$19,'Pollas Fase de Grupos'!AC3,'Resultados Oficiales Fase de Gr'!$E$19,Z3,'Resultados Oficiales Fase de Gr'!$G$19) -> 0 | AB3: =IF('Pollas Fase de Grupos'!AD3>'Pollas Fase de Grupos'!AE3,'Pollas Fase de Grupos'!$AD$2,IF('Pollas Fase de Grupos'!AE3>'Pollas Fase de Grupos'!AD3,'Pollas Fase de Grupos'!$AE$2,"EMPATE")) -> EMPATE | AC3: =PUNTAJE_GANADORES('Pollas Fase de Grupos'!AD3,'Resultados Oficiales Fase de Gr'!$D$20,'Pollas Fase de Grupos'!AE3,'Resultados Oficiales Fase de Gr'!$E$20,AB3,'Resultados Oficiales Fase de Gr'!$G$20) -> 1 | AD3: =IF('Pollas Fase de Grupos'!AF3>'Pollas Fase de Grupos'!AG3,'Pollas Fase de Grupos'!$AF$2,IF('Pollas Fase de Grupos'!AG3>'Pollas Fase de Grupos'!AF3,'Pollas Fase de Grupos'!$AG$2,"EMPATE")) -> Argentina | AE3: =PUNTAJE_GANADORES('Pollas Fase de Grupos'!AF3,'Resultados Oficiales Fase de Gr'!$D$21,'Pollas Fase de Grupos'!AG3,'Resultados Oficiales Fase de Gr'!$E$21,AD3,'Resultados Oficiales Fase de Gr'!$G$21) -> 5 | AF3: =IF('Pollas Fase de Grupos'!AH3>'Pollas Fase de Grupos'!AI3,'Pollas Fase de Grupos'!$AH$2,IF('Pollas Fase de Grupos'!AI3>'Pollas Fase de Grupos'!AH3,'Pollas Fase de Grupos'!$AI$2,"EMPATE")) -> Polonia | AG3: =PUNTAJE_GANADORES('Pollas Fase de Grupos'!AH3,'Resultados Oficiales Fase de Gr'!$D$22,'Pollas Fase de Grupos'!AI3,'Resultados Oficiales Fase de Gr'!$E$22,AF3,'Resultados Oficiales Fase de Gr'!$G$22) -> 3 | AH3: =IF('Pollas Fase de Grupos'!AJ3>'Pollas Fase de Grupos'!AK3,'Pollas Fase de Grupos'!$AJ$2,IF('Pollas Fase de Grupos'!AK3>'Pollas Fase de Grupos'!AJ3,'Pollas Fase de Grupos'!$AK$2,"EMPATE")) -> Argentina | AI3: =PUNTAJE_GANADORES('Pollas Fase de Grupos'!AJ3,'Resultados Oficiales Fase de Gr'!$D$23,'Pollas Fase de Grupos'!AK3,'Resultados Oficiales Fase de Gr'!$E$23,AH3,'Resultados Oficiales Fase de Gr'!$G$23) -> 3 | AJ3: =IF('Pollas Fase de Grupos'!AL3>'Pollas Fase de Grupos'!AM3,'Pollas Fase de Grupos'!$AL$2,IF('Pollas Fase de Grupos'!AM3>'Pollas Fase de Grupos'!AL3,'Pollas Fase de Grupos'!$AM$2,"EMPATE")) -> Mexico | AK3: =PUNTAJE_GANADORES('Pollas Fase de Grupos'!AL3,'Resultados Oficiales Fase de Gr'!$D$24,'Pollas Fase de Grupos'!AM3,'Resultados Oficiales Fase de Gr'!$E$24,AJ3,'Resultados Oficiales Fase de Gr'!$G$24) -> 3 | AL3: =IF('Pollas Fase de Grupos'!AN3>'Pollas Fase de Grupos'!AO3,'Pollas Fase de Grupos'!$AN$2,IF('Pollas Fase de Grupos'!AO3>'Pollas Fase de Grupos'!AN3,'Pollas Fase de Grupos'!$AO$2,"EMPATE")) -> Francia | AM3: =PUNTAJE_GANADORES('Pollas Fase de Grupos'!AN3,'Resultados Oficiales Fase de Gr'!$D$27,'Pollas Fase de Grupos'!AO3,'Resultados Oficiales Fase de Gr'!$E$27,AL3,'Resultados Oficiales Fase de Gr'!$G$27) -> 2 | AN3: =IF('Pollas Fase de Grupos'!AP3>'Pollas Fase de Grupos'!AQ3,'Pollas Fase de Grupos'!$AP$2,IF('Pollas Fase de Grupos'!AQ3>'Pollas Fase de Grupos'!AP3,'Pollas Fase de Grupos'!$AQ$2,"EMPATE")) -> Dinamarca | AO3: =PUNTAJE_GANADORES('Pollas Fase de Grupos'!AP3,'Resultados Oficiales Fase de Gr'!$D$28,'Pollas Fase de Grupos'!AQ3,'Resultados Oficiales Fase de Gr'!$E$28,AN3,'Resultados Oficiales Fase de Gr'!$G$28) -> 1 | AP3: =IF('Pollas Fase de Grupos'!AR3>'Pollas Fase de Grupos'!AS3,'Pollas Fase de Grupos'!$AR$2,IF('Pollas Fase de Grupos'!AS3>'Pollas Fase de Grupos'!AR3,'Pollas Fase de Grupos'!$AS$2,"EMPATE")) -> Francia | AQ3: =PUNTAJE_GANADORES('Pollas Fase de Grupos'!AR3,'Resultados Oficiales Fase de Gr'!$D$29,'Pollas Fase de Grupos'!AS3,'Resultados Oficiales Fase de Gr'!$E$29,AP3,'Resultados Oficiales Fase de Gr'!$G$29) -> 5 | AR3: =IF('Pollas Fase de Grupos'!AT3>'Pollas Fase de Grupos'!AU3,'Pollas Fase de Grupos'!$AT$2,IF('Pollas Fase de Grupos'!AU3>'Pollas Fase de Grupos'!AT3,'Pollas Fase de Grupos'!$AU$2,"EMPATE")) -> Australia | AS3: =PUNTAJE_GANADORES('Pollas Fase de Grupos'!AT3,'Resultados Oficiales Fase de Gr'!$D$30,'Pollas Fase de Grupos'!AU3,'Resultados Oficiales Fase de Gr'!$E$30,AR3,'Resultados Oficiales Fase de Gr'!$G$30) -> 5 | AT3: =IF('Pollas Fase de Grupos'!AV3>'Pollas Fase de Grupos'!AW3,'Pollas Fase de Grupos'!$AV$2,IF('Pollas Fase de Grupos'!AW3>'Pollas Fase de Grupos'!AV3,'Pollas Fase de Grupos'!$AW$2,"EMPATE")) -> Francia | AU3: =PUNTAJE_GANADORES('Pollas Fase de Grupos'!AV3,'Resultados Oficiales Fase de Gr'!$D$31,'Pollas Fase de Grupos'!AW3,'Resultados Oficiales Fase de Gr'!$E$31,AT3,'Resultados Oficiales Fase de Gr'!$G$31) -> 0 | AV3: =IF('Pollas Fase de Grupos'!AX3>'Pollas Fase de Grupos'!AY3,'Pollas Fase de Grupos'!$AX$2,IF('Pollas Fase de Grupos'!AY3>'Pollas Fase de Grupos'!AX3,'Pollas Fase de Grupos'!$AY$2,"EMPATE")) -> Dinamarca | AW3: =PUNTAJE_GANADORES('Pollas Fase de Grupos'!AX3,'Resultados Oficiales Fase de Gr'!$D$32,'Pollas Fase de Grupos'!AY3,'Resultados Oficiales Fase de Gr'!$E$32,AV3,'Resultados Oficiales Fase de Gr'!$G$32) -> 1 | AX3: =IF('Pollas Fase de Grupos'!AZ3>'Pollas Fase de Grupos'!BA3,'Pollas Fase de Grupos'!$AZ$2,IF('Pollas Fase de Grupos'!BA3>'Pollas Fase de Grupos'!AZ3,'Pollas Fase de Grupos'!$BA$2,"EMPATE")) -> España | AY3: =PUNTAJE_GANADORES('Pollas Fase de Grupos'!AZ3,'Resultados Oficiales Fase de Gr'!$D$35,'Pollas Fase de Grupos'!BA3,'Resultados Oficiales Fase de Gr'!$E$35,AX3,'Resultados Oficiales Fase de Gr'!$G$35) -> 1 | AZ3: =IF('Pollas Fase de Grupos'!BB3>'Pollas Fase de Grupos'!BC3,'Pollas Fase de Grupos'!$BB$2,IF('Pollas Fase de Grupos'!BC3>'Pollas Fase de Grupos'!BB3,'Pollas Fase de Grupos'!$BC$2,"EMPATE")) -> Alemania | BA3: =PUNTAJE_GANADORES('Pollas Fase de Grupos'!BB3,'Resultados Oficiales Fase de Gr'!$D$36,'Pollas Fase de Grupos'!BC3,'Resultados Oficiales Fase de Gr'!$E$36,AZ3,'Resultados Oficiales Fase de Gr'!$G$36) -> 0 | BB3: =IF('Pollas Fase de Grupos'!BD3>'Pollas Fase de Grupos'!BE3,'Pollas Fase de Grupos'!$BD$2,IF('Pollas Fase de Grupos'!BE3>'Pollas Fase de Grupos'!BD3,'Pollas Fase de Grupos'!$BE$2,"EMPATE")) -> Alemania | BC3: =PUNTAJE_GANADORES('Pollas Fase de Grupos'!BD3,'Resultados Oficiales Fase de Gr'!$D$37,'Pollas Fase de Grupos'!BE3,'Resultados Oficiales Fase de Gr'!$E$37,BB3,'Resultados Oficiales Fase de Gr'!$G$37) -> 1 | BD3: =IF('Pollas Fase de Grupos'!BF3>'Pollas Fase de Grupos'!BG3,'Pollas Fase de Grupos'!$BF$2,IF('Pollas Fase de Grupos'!BG3>'Pollas Fase de Grupos'!BF3,'Pollas Fase de Grupos'!$BG$2,"EMPATE")) -> EMPATE | BE3: =PUNTAJE_GANADORES('Pollas Fase de Grupos'!BF3,'Resultados Oficiales Fase de Gr'!$D$38,'Pollas Fase de Grupos'!BG3,'Resultados Oficiales Fase de Gr'!$E$38,BD3,'Resultados Oficiales Fase de Gr'!$G$38) -> 1 | BF3: =IF('Pollas Fase de Grupos'!BH3>'Pollas Fase de Grupos'!BI3,'Pollas Fase de Grupos'!$BH$2,IF('Pollas Fase de Grupos'!BI3>'Pollas Fase de Grupos'!BH3,'Pollas Fase de Grupos'!$BI$2,"EMPATE")) -> España | BG3: =PUNTAJE_GANADORES('Pollas Fase de Grupos'!BH3,'Resultados Oficiales Fase de Gr'!$D$39,'Pollas Fase de Grupos'!BI3,'Resultados Oficiales Fase de Gr'!$E$39,BF3,'Resultados Oficiales Fase de Gr'!$G$39) -> 0 | BH3: =IF('Pollas Fase de Grupos'!BJ3>'Pollas Fase de Grupos'!BK3,'Pollas Fase de Grupos'!$BJ$2,IF('Pollas Fase de Grupos'!BK3>'Pollas Fase de Grupos'!BJ3,'Pollas Fase de Grupos'!$BK$2,"EMPATE")) -> Alemania | BI3: =PUNTAJE_GANADORES('Pollas Fase de Grupos'!BJ3,'Resultados Oficiales Fase de Gr'!$D$40,'Pollas Fase de Grupos'!BK3,'Resultados Oficiales Fase de Gr'!$E$40,BH3,'Resultados Oficiales Fase de Gr'!$G$40) -> 2 | BJ3: =IF('Pollas Fase de Grupos'!BL3>'Pollas Fase de Grupos'!BM3,'Pollas Fase de Grupos'!$BL$2,IF('Pollas Fase de Grupos'!BM3>'Pollas Fase de Grupos'!BL3,'Pollas Fase de Grupos'!$BM$2,"EMPATE")) -> Belgica | BK3: =PUNTAJE_GANADORES('Pollas Fase de Grupos'!BL3,'Resultados Oficiales Fase de Gr'!$D$43,'Pollas Fase de Grupos'!BM3,'Resultados Oficiales Fase de Gr'!$E$43,BJ3,'Resultados Oficiales Fase de Gr'!$G$43) -> 5 | BL3: =IF('Pollas Fase de Grupos'!BN3>'Pollas Fase de Grupos'!BO3,'Pollas Fase de Grupos'!$BN$2,IF('Pollas Fase de Grupos'!BO3>'Pollas Fase de Grupos'!BN3,'Pollas Fase de Grupos'!$BO$2,"EMPATE")) -> Croacia | BM3: =PUNTAJE_GANADORES('Pollas Fase de Grupos'!BN3,'Resultados Oficiales Fase de Gr'!$D$44,'Pollas Fase de Grupos'!BO3,'Resultados Oficiales Fase de Gr'!$E$44,BL3,'Resultados Oficiales Fase de Gr'!$G$44) -> 0 | BN3: =IF('Pollas Fase de Grupos'!BP3>'Pollas Fase de Grupos'!BQ3,'Pollas Fase de Grupos'!$BP$2,IF('Pollas Fase de Grupos'!BQ3>'Pollas Fase de Grupos'!BP3,'Pollas Fase de Grupos'!$BQ$2,"EMPATE")) -> Belgica | BO3: =PUNTAJE_GANADORES('Pollas Fase de Grupos'!BP3,'Resultados Oficiales Fase de Gr'!$D$45,'Pollas Fase de Grupos'!BQ3,'Resultados Oficiales Fase de Gr'!$E$45,BN3,'Resultados Oficiales Fase de Gr'!$G$45) -> 0 | BP3: =IF('Pollas Fase de Grupos'!BR3>'Pollas Fase de Grupos'!BS3,'Pollas Fase de Grupos'!$BR$2,IF('Pollas Fase de Grupos'!BS3>'Pollas Fase de Grupos'!BR3,'Pollas Fase de Grupos'!$BS$2,"EMPATE")) -> Croacia | BQ3: =PUNTAJE_GANADORES('Pollas Fase de Grupos'!BR3,'Resultados Oficiales Fase de Gr'!$D$46,'Pollas Fase de Grupos'!BS3,'Resultados Oficiales Fase de Gr'!$E$46,BP3,'Resultados Oficiales Fase de Gr'!$G$46) -> 3 | BR3: =IF('Pollas Fase de Grupos'!BT3>'Pollas Fase de Grupos'!BU3,'Pollas Fase de Grupos'!$BT$2,IF('Pollas Fase de Grupos'!BU3>'Pollas Fase de Grupos'!BT3,'Pollas Fase de Grupos'!$BU$2,"EMPATE")) -> Belgica | BS3: =PUNTAJE_GANADORES('Pollas Fase de Grupos'!BT3,'Resultados Oficiales Fase de Gr'!$D$47,'Pollas Fase de Grupos'!BU3,'Resultados Oficiales Fase de Gr'!$E$47,BR3,'Resultados Oficiales Fase de Gr'!$G$47) -> 1 | BT3: =IF('Pollas Fase de Grupos'!BV3>'Pollas Fase de Grupos'!BW3,'Pollas Fase de Grupos'!$BV$2,IF('Pollas Fase de Grupos'!BW3>'Pollas Fase de Grupos'!BV3,'Pollas Fase de Grupos'!$BW$2,"EMPATE")) -> Marruecos | BU3: =PUNTAJE_GANADORES('Pollas Fase de Grupos'!BV3,'Resultados Oficiales Fase de Gr'!$D$48,'Pollas Fase de Grupos'!BW3,'Resultados Oficiales Fase de Gr'!$E$48,BT3,'Resultados Oficiales Fase de Gr'!$G$48) -> 3 | BV3: =IF('Pollas Fase de Grupos'!BX3>'Pollas Fase de Grupos'!BY3,'Pollas Fase de Grupos'!$BX$2,IF('Pollas Fase de Grupos'!BY3>'Pollas Fase de Grupos'!BX3,'Pollas Fase de Grupos'!$BY$2,"EMPATE")) -> Brasil | BW3: =PUNTAJE_GANADORES('Pollas Fase de Grupos'!BX3,'Resultados Oficiales Fase de Gr'!$D$51,'Pollas Fase de Grupos'!BY3,'Resultados Oficiales Fase de Gr'!$E$51,BV3,'Resultados Oficiales Fase de Gr'!$G$51) -> 5 | BX3: =IF('Pollas Fase de Grupos'!BZ3>'Pollas Fase de Grupos'!CA3,'Pollas Fase de Grupos'!$BZ$2,IF('Pollas Fase de Grupos'!CA3>'Pollas Fase de Grupos'!BZ3,'Pollas Fase de Grupos'!$CA$2,"EMPATE")) -> EMPATE | BY3: =PUNTAJE_GANADORES('Pollas Fase de Grupos'!BZ3,'Resultados Oficiales Fase de Gr'!$D$52,'Pollas Fase de Grupos'!CA3,'Resultados Oficiales Fase de Gr'!$E$52,BX3,'Resultados Oficiales Fase de Gr'!$G$52) -> 1 | BZ3: =IF('Pollas Fase de Grupos'!CB3>'Pollas Fase de Grupos'!CC3,'Pollas Fase de Grupos'!$CB$2,IF('Pollas Fase de Grupos'!CC3>'Pollas Fase de Grupos'!CB3,'Pollas Fase de Grupos'!$CC$2,"EMPATE")) -> Brasil | CA3: =PUNTAJE_GANADORES('Pollas Fase de Grupos'!CB3,'Resultados Oficiales Fase de Gr'!$D$53,'Pollas Fase de Grupos'!CC3,'Resultados Oficiales Fase de Gr'!$E$53,BZ3,'Resultados Oficiales Fase de Gr'!$G$53) -> 2 | CB3: =IF('Pollas Fase de Grupos'!CD3>'Pollas Fase de Grupos'!CE3,'Pollas Fase de Grupos'!$CD$2,IF('Pollas Fase de Grupos'!CE3>'Pollas Fase de Grupos'!CD3,'Pollas Fase de Grupos'!$CE$2,"EMPATE")) -> Camerun | CC3: =PUNTAJE_GANADORES('Pollas Fase de Grupos'!CD3,'Resultados Oficiales Fase de Gr'!$D$54,'Pollas Fase de Grupos'!CE3,'Resultados Oficiales Fase de Gr'!$E$54,CB3,'Resultados Oficiales Fase de Gr'!$G$54) -> 0 | CD3: =IF('Pollas Fase de Grupos'!CF3>'Pollas Fase de Grupos'!CG3,'Pollas Fase de Grupos'!$CF$2,IF('Pollas Fase de Grupos'!CG3>'Pollas Fase de Grupos'!CF3,'Pollas Fase de Grupos'!$CG$2,"EMPATE")) -> Brasil | CE3: =PUNTAJE_GANADORES('Pollas Fase de Grupos'!CF3,'Resultados Oficiales Fase de Gr'!$D$55,'Pollas Fase de Grupos'!CG3,'Resultados Oficiales Fase de Gr'!$E$55,CD3,'Resultados Oficiales Fase de Gr'!$G$55) -> 1 | CF3: =IF('Pollas Fase de Grupos'!CH3>'Pollas Fase de Grupos'!CI3,'Pollas Fase de Grupos'!$CH$2,IF('Pollas Fase de Grupos'!CI3>'Pollas Fase de Grupos'!CH3,'Pollas Fase de Grupos'!$CI$2,"EMPATE")) -> Suiza | CG3: =PUNTAJE_GANADORES('Pollas Fase de Grupos'!CH3,'Resultados Oficiales Fase de Gr'!$D$56,'Pollas Fase de Grupos'!CI3,'Resultados Oficiales Fase de Gr'!$E$56,CF3,'Resultados Oficiales Fase de Gr'!$G$56) -> 2 | CH3: =IF('Pollas Fase de Grupos'!CJ3>'Pollas Fase de Grupos'!CK3,'Pollas Fase de Grupos'!$CJ$2,IF('Pollas Fase de Grupos'!CK3>'Pollas Fase de Grupos'!CJ3,'Pollas Fase de Grupos'!$CK$2,"EMPATE")) -> Portugal | CI3: =PUNTAJE_GANADORES('Pollas Fase de Grupos'!CJ3,'Resultados Oficiales Fase de Gr'!$D$59,'Pollas Fase de Grupos'!CK3,'Resultados Oficiales Fase de Gr'!$E$59,CH3,'Resultados Oficiales Fase de Gr'!$G$59) -> 2 | CJ3: =IF('Pollas Fase de Grupos'!CL3>'Pollas Fase de Grupos'!CM3,'Pollas Fase de Grupos'!$CL$2,IF('Pollas Fase de Grupos'!CM3>'Pollas Fase de Grupos'!CL3,'Pollas Fase de Grupos'!$CM$2,"EMPATE")) -> Uruguay | CK3: =PUNTAJE_GANADORES('Pollas Fase de Grupos'!CL3,'Resultados Oficiales Fase de Gr'!$D$60,'Pollas Fase de Grupos'!CM3,'Resultados Oficiales Fase de Gr'!$E$60,CJ3,'Resultados Oficiales Fase de Gr'!$G$60) -> 1 | CL3: =IF('Pollas Fase de Grupos'!CN3>'Pollas Fase de Grupos'!CO3,'Pollas Fase de Grupos'!$CN$2,IF('Pollas Fase de Grupos'!CO3>'Pollas Fase de Grupos'!CN3,'Pollas Fase de Grupos'!$CO$2,"EMPATE")) -> Portugal | CM3: =PUNTAJE_GANADORES('Pollas Fase de Grupos'!CN3,'Resultados Oficiales Fase de Gr'!$D$61,'Pollas Fase de Grupos'!CO3,'Resultados Oficiales Fase de Gr'!$E$61,CL3,'Resultados Oficiales Fase de Gr'!$G$61) -> 3 | CN3: =IF('Pollas Fase de Grupos'!CP3>'Pollas Fase de Grupos'!CQ3,'Pollas Fase de Grupos'!$CP$2,IF('Pollas Fase de Grupos'!CQ3>'Pollas Fase de Grupos'!CP3,'Pollas Fase de Grupos'!$CQ$2,"EMPATE")) -> Ghana | CO3: =PUNTAJE_GANADORES('Pollas Fase de Grupos'!CP3,'Resultados Oficiales Fase de Gr'!$D$62,'Pollas Fase de Grupos'!CQ3,'Resultados Oficiales Fase de Gr'!$E$62,CN3,'Resultados Oficiales Fase de Gr'!$G$62) -> 2 | CP3: =IF('Pollas Fase de Grupos'!CR3>'Pollas Fase de Grupos'!CS3,'Pollas Fase de Grupos'!$CR$2,IF('Pollas Fase de Grupos'!CS3>'Pollas Fase de Grupos'!CR3,'Pollas Fase de Grupos'!$CS$2,"EMPATE")) -> Portugal | CQ3: =PUNTAJE_GANADORES('Pollas Fase de Grupos'!CR3,'Resultados Oficiales Fase de Gr'!$D$63,'Pollas Fase de Grupos'!CS3,'Resultados Oficiales Fase de Gr'!$E$63,CP3,'Resultados Oficiales Fase de Gr'!$G$63) -> 0 | CR3: =IF('Pollas Fase de Grupos'!CT3>'Pollas Fase de Grupos'!CU3,'Pollas Fase de Grupos'!$CT$2,IF('Pollas Fase de Grupos'!CU3>'Pollas Fase de Grupos'!CT3,'Pollas Fase de Grupos'!$CU$2,"EMPATE")) -> Ghana | CS3: =PUNTAJE_GANADORES('Pollas Fase de Grupos'!CT3,'Resultados Oficiales Fase de Gr'!$D$64,'Pollas Fase de Grupos'!CU3,'Resultados Oficiales Fase de Gr'!$E$64,CR3,'Resultados Oficiales Fase de Gr'!$G$64) -> 0 | CT3: =SUM(CS3,CQ3,CO3,CM3,CK3,CI3,CG3,CE3,CC3,CA3,BY3,BW3,BU3,BS3,BQ3,BO3,BM3,BK3,BI3,BG3,BE3,BC3,BA3,AY3,AW3,AU3,AS3,AQ3,AO3,AM3,AK3,AI3,AG3,AE3,AC3,AA3,Y3,W3,U3,S3,Q3,O3,M3,K3,I3,G3,E3,C3) -> 92 | CU3: 66 | CV3: =SUM(CU3,K3,M3,W3,Y3,AW3,AU3,AI3,AK3,BS3,BU3,BG3,BI3,CS3,CQ3,CG3,CE3) -> 94
A4: ='Pollas Fase de Grupos'!CV4 -> La qatarsis mundial | B4: =IF('Pollas Fase de Grupos'!D4>'Pollas Fase de Grupos'!E4,'Pollas Fase de Grupos'!$D$2,IF('Pollas Fase de Grupos'!E4>'Pollas Fase de Grupos'!D4,'Pollas Fase de Grupos'!$E$2,"EMPATE")) -> Ecuador | C4: =PUNTAJE_GANADORES('Pollas Fase de Grupos'!D4,'Resultados Oficiales Fase de Gr'!$D$3,'Pollas Fase de Grupos'!E4,'Resultados Oficiales Fase de Gr'!$E$3,B4,'Resultados Oficiales Fase de Gr'!$G$3) -> 3 | D4: =IF('Pollas Fase de Grupos'!F4>'Pollas Fase de Grupos'!G4,'Pollas Fase de Grupos'!$F$2,IF('Pollas Fase de Grupos'!G4>'Pollas Fase de Grupos'!F4,'Pollas Fase de Grupos'!$G$2,"EMPATE")) -> Paises Bajos | E4: =PUNTAJE_GANADORES('Pollas Fase de Grupos'!F4,'Resultados Oficiales Fase de Gr'!$D$4,'Pollas Fase de Grupos'!G4,'Resultados Oficiales Fase de Gr'!$E$4,D4,'Resultados Oficiales Fase de Gr'!$G$4) -> 2 | F4: =IF('Pollas Fase de Grupos'!H4>'Pollas Fase de Grupos'!I4,'Pollas Fase de Grupos'!$H$2,IF('Pollas Fase de Grupos'!I4>'Pollas Fase de Grupos'!H4,'Pollas Fase de Grupos'!$I$2,"EMPATE")) -> EMPATE | G4: =PUNTAJE_GANADORES('Pollas Fase de Grupos'!H4,'Resultados Oficiales Fase de Gr'!$D$5,'Pollas Fase de Grupos'!I4,'Resultados Oficiales Fase de Gr'!$E$5,F4,'Resultados Oficiales Fase de Gr'!$G$5) -> 1 | H4: =IF('Pollas Fase de Grupos'!J4>'Pollas Fase de Grupos'!K4,'Pollas Fase de Grupos'!$J$2,IF('Pollas Fase de Grupos'!K4>'Pollas Fase de Grupos'!J4,'Pollas Fase de Grupos'!$K$2,"EMPATE")) -> Paises Bajos | I4: =PUNTAJE_GANADORES('Pollas Fase de Grupos'!J4,'Resultados Oficiales Fase de Gr'!$D$6,'Pollas Fase de Grupos'!K4,'Resultados Oficiales Fase de Gr'!$E$6,H4,'Resultados Oficiales Fase de Gr'!$G$6) -> 0 | J4: =IF('Pollas Fase de Grupos'!L4>'Pollas Fase de Grupos'!M4,'Pollas Fase de Grupos'!$L$2,IF('Pollas Fase de Grupos'!M4>'Pollas Fase de Grupos'!L4,'Pollas Fase de Grupos'!$M$2,"EMPATE")) -> EMPATE | K4: =PUNTAJE_GANADORES('Pollas Fase de Grupos'!L4,'Resultados Oficiales Fase de Gr'!$D$7,'Pollas Fase de Grupos'!M4,'Resultados Oficiales Fase de Gr'!$E$7,J4,'Resultados Oficiales Fase de Gr'!$G$7) -> 0 | L4: =IF('Pollas Fase de Grupos'!N4>'Pollas Fase de Grupos'!O4,'Pollas Fase de Grupos'!$N$2,IF('Pollas Fase de Grupos'!O4>'Pollas Fase de Grupos'!N4,'Pollas Fase de Grupos'!$O$2,"EMPATE")) -> EMPATE | M4: =PUNTAJE_GANADORES('Pollas Fase de Grupos'!N4,'Resultados Oficiales Fase de Gr'!$D$8,'Pollas Fase de Grupos'!O4,'Resultados Oficiales Fase de Gr'!$E$8,L4,'Resultados Oficiales Fase de Gr'!$G$8) -> 1 | N4: =IF('Pollas Fase de Grupos'!P4>'Pollas Fase de Grupos'!Q4,'Pollas Fase de Grupos'!$P$2,IF('Pollas Fase de Grupos'!Q4>'Pollas Fase de Grupos'!P4,'Pollas Fase de Grupos'!$Q$2,"EMPATE")) -> Inglaterra | O4: =PUNTAJE_GANADORES('Pollas Fase de Grupos'!P4,'Resultados Oficiales Fase de Gr'!$D$11,'Pollas Fase de Grupos'!Q4,'Resultados Oficiales Fase de Gr'!$E$11,N4,'Resultados Oficiales Fase de Gr'!$G$11) -> 2 | P4: =IF('Pollas Fase de Grupos'!R4>'Pollas Fase de Grupos'!S4,'Pollas Fase de Grupos'!$R$2,IF('Pollas Fase de Grupos'!S4>'Pollas Fase de Grupos'!R4,'Pollas Fase de Grupos'!$S$2,"EMPATE")) -> EMPATE | Q4: =PUNTAJE_GANADORES('Pollas Fase de Grupos'!R4,'Resultados Oficiales Fase de Gr'!$D$12,'Pollas Fase de Grupos'!S4,'Resultados Oficiales Fase de Gr'!$E$12,P4,'Resultados Oficiales Fase de Gr'!$G$12) -> 1 | R4: =IF('Pollas Fase de Grupos'!T4>'Pollas Fase de Grupos'!U4,'Pollas Fase de Grupos'!$T$2,IF('Pollas Fase de Grupos'!U4>'Pollas Fase de Grupos'!T4,'Pollas Fase de Grupos'!$U$2,"EMPATE")) -> Inglaterra | S4: =PUNTAJE_GANADORES('Pollas Fase de Grupos'!T4,'Resultados Oficiales Fase de Gr'!$D$13,'Pollas Fase de Grupos'!U4,'Resultados Oficiales Fase de Gr'!$E$13,R4,'Resultados Oficiales Fase de Gr'!$G$13) -> 1 | T4: =IF('Pollas Fase de Grupos'!V4>'Pollas Fase de Grupos'!W4,'Pollas Fase de Grupos'!$V$2,IF('Pollas Fase de Grupos'!W4>'Pollas Fase de Grupos'!V4,'Pollas Fase de Grupos'!$W$2,"EMPATE")) -> EMPATE | U4: =PUNTAJE_GANADORES('Pollas Fase de Grupos'!V4,'Resultados Oficiales Fase de Gr'!$D$14,'Pollas Fase de Grupos'!W4,'Resultados Oficiales Fase de Gr'!$E$14,T4,'Resultados Oficiales Fase de Gr'!$G$14) -> 1 | V4: =IF('Pollas Fase de Grupos'!X4>'Pollas Fase de Grupos'!Y4,'Pollas Fase de Grupos'!$X$2,IF('Pollas Fase de Grupos'!Y4>'Pollas Fase de Grupos'!X4,'Pollas Fase de Grupos'!$Y$2,"EMPATE")) -> EMPATE | W4: =PUNTAJE_GANADORES('Pollas Fase de Grupos'!X4,'Resultados Oficiales Fase de Gr'!$D$15,'Pollas Fase de Grupos'!Y4,'Resultados Oficiales Fase de Gr'!$E$15,V4,'Resultados Oficiales Fase de Gr'!$G$15) -> 1 | X4: =IF('Pollas Fase de Grupos'!Z4>'Pollas Fase de Grupos'!AA4,'Pollas Fase de Grupos'!$Z$2,IF('Pollas Fase de Grupos'!AA4>'Pollas Fase de Grupos'!Z4,'Pollas Fase de Grupos'!$AA$2,"EMPATE")) -> Iran | Y4: =PUNTAJE_GANADORES('Pollas Fase de Grupos'!Z4,'Resultados Oficiales Fase de Gr'!$D$16,'Pollas Fase de Grupos'!AA4,'Resultados Oficiales Fase de Gr'!$E$16,X4,'Resultados Oficiales Fase de Gr'!$G$16) -> 0 | Z4: =IF('Pollas Fase de Grupos'!AB4>'Pollas Fase de Grupos'!AC4,'Pollas Fase de Grupos'!$AB$2,IF('Pollas Fase de Grupos'!AC4>'Pollas Fase de Grupos'!AB4,'Pollas Fase de Grupos'!$AC$2,"EMPATE")) -> Argentina | AA4: =PUNTAJE_GANADORES('Pollas Fase de Grupos'!AB4,'Resultados Oficiales Fase de Gr'!$D$19,'Pollas Fase de Grupos'!AC4,'Resultados Oficiales Fase de Gr'!$E$19,Z4,'Resultados Oficiales Fase de Gr'!$G$19) -> 0 | AB4: =IF('Pollas Fase de Grupos'!AD4>'Pollas Fase de Grupos'!AE4,'Pollas Fase de Grupos'!$AD$2,IF('Pollas Fase de Grupos'!AE4>'Pollas Fase de Grupos'!AD4,'Pollas Fase de Grupos'!$AE$2,"EMPATE")) -> Mexico | AC4: =PUNTAJE_GANADORES('Pollas Fase de Grupos'!AD4,'Resultados Oficiales Fase de Gr'!$D$20,'Pollas Fase de Grupos'!AE4,'Resultados Oficiales Fase de Gr'!$E$20,AB4,'Resultados Oficiales Fase de Gr'!$G$20) -> 1 | AD4: =IF('Pollas Fase de Grupos'!AF4>'Pollas Fase de Grupos'!AG4,'Pollas Fase de Grupos'!$AF$2,IF('Pollas Fase de Grupos'!AG4>'Pollas Fase de Grupos'!AF4,'Pollas Fase de Grupos'!$AG$2,"EMPATE")) -> EMPATE | AE4: =PUNTAJE_GANADORES('Pollas Fase de Grupos'!AF4,'Resultados Oficiales Fase de Gr'!$D$21,'Pollas Fase de Grupos'!AG4,'Resultados Oficiales Fase de Gr'!$E$21,AD4,'Resultados Oficiales Fase de Gr'!$G$21) -> 0 | AF4: =IF('Pollas Fase de Grupos'!AH4>'Pollas Fase de Grupos'!AI4,'Pollas Fase de Grupos'!$AH$2,IF('Pollas Fase de Grupos'!AI4>'Pollas Fase de Grupos'!AH4,'Pollas Fase de Grupos'!$AI$2,"EMPATE")) -> Polonia | AG4: =PUNTAJE_GANADORES('Pollas Fase de Grupos'!AH4,'Resultados Oficiales Fase de Gr'!$D$22,'Pollas Fase de Grupos'!AI4,'Resultados Oficiales Fase de Gr'!$E$22,AF4,'Resultados Oficiales Fase de Gr'!$G$22) -> 3 | AH4: =IF('Pollas Fase de Grupos'!AJ4>'Pollas Fase de Grupos'!AK4,'Pollas Fase de Grupos'!$AJ$2,IF('Pollas Fase de Grupos'!AK4>'Pollas Fase de Grupos'!AJ4,'Pollas Fase de Grupos'!$AK$2,"EMPATE")) -> EMPATE | AI4: =PUNTAJE_GANADORES('Pollas Fase de Grupos'!AJ4,'Resultados Oficiales Fase de Gr'!$D$23,'Pollas Fase de Grupos'!AK4,'Resultados Oficiales Fase de Gr'!$E$23,AH4,'Resultados Oficiales Fase de Gr'!$G$23) -> 1 | AJ4: =IF('Pollas Fase de Grupos'!AL4>'Pollas Fase de Grupos'!AM4,'Pollas Fase de Grupos'!$AL$2,IF('Pollas Fase de Grupos'!AM4>'Pollas Fase de Grupos'!AL4,'Pollas Fase de Grupos'!$AM$2,"EMPATE")) -> EMPATE | AK4: =PUNTAJE_GANADORES('Pollas Fase de Grupos'!AL4,'Resultados Oficiales Fase de Gr'!$D$24,'Pollas Fase de Grupos'!AM4,'Resultados Oficiales Fase de Gr'!$E$24,AJ4,'Resultados Oficiales Fase de Gr'!$G$24) -> 0 | AL4: =IF('Pollas Fase de Grupos'!AN4>'Pollas Fase de Grupos'!AO4,'Pollas Fase de Grupos'!$AN$2,IF('Pollas Fase de Grupos'!AO4>'Pollas Fase de Grupos'!AN4,'Pollas Fase de Grupos'!$AO$2,"EMPATE")) -> Francia | AM4: =PUNTAJE_GANADORES('Pollas Fase de Grupos'!AN4,'Resultados Oficiales Fase de Gr'!$D$27,'Pollas Fase de Grupos'!AO4,'Resultados Oficiales Fase de Gr'!$E$27,AL4,'Resultados Oficiales Fase de Gr'!$G$27) -> 3 | AN4: =IF('Pollas Fase de Grupos'!AP4>'Pollas Fase de Grupos'!AQ4,'Pollas Fase de Grupos'!$AP$2,IF('Pollas Fase de Grupos'!AQ4>'Pollas Fase de Grupos'!AP4,'Pollas Fase de Grupos'!$AQ$2,"EMPATE")) -> Dinamarca | AO4: =PUNTAJE_GANADORES('Pollas Fase de Grupos'!AP4,'Resultados Oficiales Fase de Gr'!$D$28,'Pollas Fase de Grupos'!AQ4,'Resultados Oficiales Fase de Gr'!$E$28,AN4,'Resultados Oficiales Fase de Gr'!$G$28) -> 1 | AP4: =IF('Pollas Fase de Grupos'!AR4>'Pollas Fase de Grupos'!AS4,'Pollas Fase de Grupos'!$AR$2,IF('Pollas Fase de Grupos'!AS4>'Pollas Fase de Grupos'!AR4,'Pollas Fase de Grupos'!$AS$2,"EMPATE")) -> EMPATE | AQ4: =PUNTAJE_GANADORES('Pollas Fase de Grupos'!AR4,'Resultados Oficiales Fase de Gr'!$D$29,'Pollas Fase de Grupos'!AS4,'Resultados Oficiales Fase de Gr'!$E$29,AP4,'Resultados Oficiales Fase de Gr'!$G$29) -> 1 | AR4: =IF('Pollas Fase de Grupos'!AT4>'Pollas Fase de Grupos'!AU4,'Pollas Fase de Grupos'!$AT$2,IF('Pollas Fase de Grupos'!AU4>'Pollas Fase de Grupos'!AT4,'Pollas Fase de Grupos'!$AU$2,"EMPATE")) -> EMPATE | AS4: =PUNTAJE_GANADORES('Pollas Fase de Grupos'!AT4,'Resultados Oficiales Fase de Gr'!$D$30,'Pollas Fase de Grupos'!AU4,'Resultados Oficiales Fase de Gr'!$E$30,AR4,'Resultados Oficiales Fase de Gr'!$G$30) -> 1 | AT4: =IF('Pollas Fase de Grupos'!AV4>'Pollas Fase de Grupos'!AW4,'Pollas Fase de Grupos'!$AV$2,IF('Pollas Fase de Grupos'!AW4>'Pollas Fase de Grupos'!AV4,'Pollas Fase de Grupos'!$AW$2,"EMPATE")) -> Francia | AU4: =PUNTAJE_GANADORES('Pollas Fase de Grupos'!AV4,'Resultados Oficiales Fase de Gr'!$D$31,'Pollas Fase de Grupos'!AW4,'Resultados Oficiales Fase de Gr'!$E$31,AT4,'Resultados Oficiales Fase de Gr'!$G$31) -> 0 | AV4: =IF('Pollas Fase de Grupos'!AX4>'Pollas Fase de Grupos'!AY4,'Pollas Fase de Grupos'!$AX$2,IF('Pollas Fase de Grupos'!AY4>'Pollas Fase de Grupos'!AX4,'Pollas Fase de Grupos'!$AY$2,"EMPATE")) -> Dinamarca | AW4: =PUNTAJE_GANADORES('Pollas Fase de Grupos'!AX4,'Resultados Oficiales Fase de Gr'!$D$32,'Pollas Fase de Grupos'!AY4,'Resultados Oficiales Fase de Gr'!$E$32,AV4,'Resultados Oficiales Fase de Gr'!$G$32) -> 1 | AX4: =IF('Pollas Fase de Grupos'!AZ4>'Pollas Fase de Grupos'!BA4,'Pollas Fase de Grupos'!$AZ$2,IF('Pollas Fase de Grupos'!BA4>'Pollas Fase de Grupos'!AZ4,'Pollas Fase de Grupos'!$BA$2,"EMPATE")) -> España | AY4: =PUNTAJE_GANADORES('Pollas Fase de Grupos'!AZ4,'Resultados Oficiales Fase de Gr'!$D$35,'Pollas Fase de Grupos'!BA4,'Resultados Oficiales Fase de Gr'!$E$35,AX4,'Resultados Oficiales Fase de Gr'!$G$35) -> 0 | AZ4: =IF('Pollas Fase de Grupos'!BB4>'Pollas Fase de Grupos'!BC4,'Pollas Fase de Grupos'!$BB$2,IF('Pollas Fase de Grupos'!BC4>'Pollas Fase de Grupos'!BB4,'Pollas Fase de Grupos'!$BC$2,"EMPATE")) -> Alemania | BA4: =PUNTAJE_GANADORES('Pollas Fase de Grupos'!BB4,'Resultados Oficiales Fase de Gr'!$D$36,'Pollas Fase de Grupos'!BC4,'Resultados Oficiales Fase de Gr'!$E$36,AZ4,'Resultados Oficiales Fase de Gr'!$G$36) -> 0 | BB4: =IF('Pollas Fase de Grupos'!BD4>'Pollas Fase de Grupos'!BE4,'Pollas Fase de Grupos'!$BD$2,IF('Pollas Fase de Grupos'!BE4>'Pollas Fase de Grupos'!BD4,'Pollas Fase de Grupos'!$BE$2,"EMPATE")) -> Alemania | BC4: =PUNTAJE_GANADORES('Pollas Fase de Grupos'!BD4,'Resultados Oficiales Fase de Gr'!$D$37,'Pollas Fase de Grupos'!BE4,'Resultados Oficiales Fase de Gr'!$E$37,BB4,'Resultados Oficiales Fase de Gr'!$G$37) -> 1 | BD4: =IF('Pollas Fase de Grupos'!BF4>'Pollas Fase de Grupos'!BG4,'Pollas Fase de Grupos'!$BF$2,IF('Pollas Fase de Grupos'!BG4>'Pollas Fase de Grupos'!BF4,'Pollas Fase de Grupos'!$BG$2,"EMPATE")) -> Costa Rica | BE4: =PUNTAJE_GANADORES('Pollas Fase de Grupos'!BF4,'Resultados Oficiales Fase de Gr'!$D$38,'Pollas Fase de Grupos'!BG4,'Resultados Oficiales Fase de Gr'!$E$38,BD4,'Resultados Oficiales Fase de Gr'!$G$38) -> 2 | BF4: =IF('Pollas Fase de Grupos'!BH4>'Pollas Fase de Grupos'!BI4,'Pollas Fase de Grupos'!$BH$2,IF('Pollas Fase de Grupos'!BI4>'Pollas Fase de Grupos'!BH4,'Pollas Fase de Grupos'!$BI$2,"EMPATE")) -> España | BG4: =PUNTAJE_GANADORES('Pollas Fase de Grupos'!BH4,'Resultados Oficiales Fase de Gr'!$D$39,'Pollas Fase de Grupos'!BI4,'Resultados Oficiales Fase de Gr'!$E$39,BF4,'Resultados Oficiales Fase de Gr'!$G$39) -> 0 | BH4: =IF('Pollas Fase de Grupos'!BJ4>'Pollas Fase de Grupos'!BK4,'Pollas Fase de Grupos'!$BJ$2,IF('Pollas Fase de Grupos'!BK4>'Pollas Fase de Grupos'!BJ4,'Pollas Fase de Grupos'!$BK$2,"EMPATE")) -> EMPATE | BI4: =PUNTAJE_GANADORES('Pollas Fase de Grupos'!BJ4,'Resultados Oficiales Fase de Gr'!$D$40,'Pollas Fase de Grupos'!BK4,'Resultados Oficiales Fase de Gr'!$E$40,BH4,'Resultados Oficiales Fase de Gr'!$G$40) -> 0 | BJ4: =IF('Pollas Fase de Grupos'!BL4>'Pollas Fase de Grupos'!BM4,'Pollas Fase de Grupos'!$BL$2,IF('Pollas Fase de Grupos'!BM4>'Pollas Fase de Grupos'!BL4,'Pollas Fase de Grupos'!$BM$2,"EMPATE")) -> Belgica | BK4: =PUNTAJE_GANADORES('Pollas Fase de Grupos'!BL4,'Resultados Oficiales Fase de Gr'!$D$43,'Pollas Fase de Grupos'!BM4,'Resultados Oficiales Fase de Gr'!$E$43,BJ4,'Resultados Oficiales Fase de Gr'!$G$43) -> 3 | BL4: =IF('Pollas Fase de Grupos'!BN4>'Pollas Fase de Grupos'!BO4,'Pollas Fase de Grupos'!$BN$2,IF('Pollas Fase de Grupos'!BO4>'Pollas Fase de Grupos'!BN4,'Pollas Fase de Grupos'!$BO$2,"EMPATE")) -> Croacia | BM4: =PUNTAJE_GANADORES('Pollas Fase de Grupos'!BN4,'Resultados Oficiales Fase de Gr'!$D$44,'Pollas Fase de Grupos'!BO4,'Resultados Oficiales Fase de Gr'!$E$44,BL4,'Resultados Oficiales Fase de Gr'!$G$44) -> 1 | BN4: =IF('Pollas Fase de Grupos'!BP4>'Pollas Fase de Grupos'!BQ4,'Pollas Fase de Grupos'!$BP$2,IF('Pollas Fase de Grupos'!BQ4>'Pollas Fase de Grupos'!BP4,'Pollas Fase de Grupos'!$BQ$2,"EMPATE")) -> Belgica | BO4: =PUNTAJE_GANADORES('Pollas Fase de Grupos'!BP4,'Resultados Oficiales Fase de Gr'!$D$45,'Pollas Fase de Grupos'!BQ4,'Resultados Oficiales Fase de Gr'!$E$45,BN4,'Resultados Oficiales Fase de Gr'!$G$45) -> 0 | BP4: =IF('Pollas Fase de Grupos'!BR4>'Pollas Fase de Grupos'!BS4,'Pollas Fase de Grupos'!$BR$2,IF('Pollas Fase de Grupos'!BS4>'Pollas Fase de Grupos'!BR4,'Pollas Fase de Grupos'!$BS$2,"EMPATE")) -> Croacia | BQ4: =PUNTAJE_GANADORES('Pollas Fase de Grupos'!BR4,'Resultados Oficiales Fase de Gr'!$D$46,'Pollas Fase de Grupos'!BS4,'Resultados Oficiales Fase de Gr'!$E$46,BP4,'Resultados Oficiales Fase de Gr'!$G$46) -> 2 | BR4: =IF('Pollas Fase de Grupos'!BT4>'Pollas Fase de Grupos'!BU4,'Pollas Fase de Grupos'!$BT$2,IF('Pollas Fase de Grupos'!BU4>'Pollas Fase de Grupos'!BT4,'Pollas Fase de Grupos'!$BU$2,"EMPATE")) -> EMPATE | BS4: =PUNTAJE_GANADORES('Pollas Fase de Grupos'!BT4,'Resultados Oficiales Fase de Gr'!$D$47,'Pollas Fase de Grupos'!BU4,'Resultados Oficiales Fase de Gr'!$E$47,BR4,'Resultados Oficiales Fase de Gr'!$G$47) -> 1 | BT4: =IF('Pollas Fase de Grupos'!BV4>'Pollas Fase de Grupos'!BW4,'Pollas Fase de Grupos'!$BV$2,IF('Pollas Fase de Grupos'!BW4>'Pollas Fase de Grupos'!BV4,'Pollas Fase de Grupos'!$BW$2,"EMPATE")) -> EMPATE | BU4: =PUNTAJE_GANADORES('Pollas Fase de Grupos'!BV4,'Resultados Oficiales Fase de Gr'!$D$48,'Pollas Fase de Grupos'!BW4,'Resultados Oficiales Fase de Gr'!$E$48,BT4,'Resultados Oficiales Fase de Gr'!$G$48) -> 0 | BV4: =IF('Pollas Fase de Grupos'!BX4>'Pollas Fase de Grupos'!BY4,'Pollas Fase de Grupos'!$BX$2,IF('Pollas Fase de Grupos'!BY4>'Pollas Fase de Grupos'!BX4,'Pollas Fase de Grupos'!$BY$2,"EMPATE")) -> Brasil | BW4: =PUNTAJE_GANADORES('Pollas Fase de Grupos'!BX4,'Resultados Oficiales Fase de Gr'!$D$51,'Pollas Fase de Grupos'!BY4,'Resultados Oficiales Fase de Gr'!$E$51,BV4,'Resultados Oficiales Fase de Gr'!$G$51) -> 2 | BX4: =IF('Pollas Fase de Grupos'!BZ4>'Pollas Fase de Grupos'!CA4,'Pollas Fase de Grupos'!$BZ$2,IF('Pollas Fase de Grupos'!CA4>'Pollas Fase de Grupos'!BZ4,'Pollas Fase de Grupos'!$CA$2,"EMPATE")) -> EMPATE | BY4: =PUNTAJE_GANADORES('Pollas Fase de Grupos'!BZ4,'Resultados Oficiales Fase de Gr'!$D$52,'Pollas Fase de Grupos'!CA4,'Resultados Oficiales Fase de Gr'!$E$52,BX4,'Resultados Oficiales Fase de Gr'!$G$52) -> 1 | BZ4: =IF('Pollas Fase de Grupos'!CB4>'Pollas Fase de Grupos'!CC4,'Pollas Fase de Grupos'!$CB$2,IF('Pollas Fase de Grupos'!CC4>'Pollas Fase de Grupos'!CB4,'Pollas Fase de Grupos'!$CC$2,"EMPATE")) -> Brasil | CA4: =PUNTAJE_GANADORES('Pollas Fase de Grupos'!CB4,'Resultados Oficiales Fase de Gr'!$D$53,'Pollas Fase de Grupos'!CC4,'Resultados Oficiales Fase de Gr'!$E$53,BZ4,'Resultados Oficiales Fase de Gr'!$G$53) -> 2 | CB4: =IF('Pollas Fase de Grupos'!CD4>'Pollas Fase de Grupos'!CE4,'Pollas Fase de Grupos'!$CD$2,IF('Pollas Fase de Grupos'!CE4>'Pollas Fase de Grupos'!CD4,'Pollas Fase de Grupos'!$CE$2,"EMPATE")) -> EMPATE | CC4: =PUNTAJE_GANADORES('Pollas Fase de Grupos'!CD4,'Resultados Oficiales Fase de Gr'!$D$54,'Pollas Fase de Grupos'!CE4,'Resultados Oficiales Fase de Gr'!$E$54,CB4,'Resultados Oficiales Fase de Gr'!$G$54) -> 1 | CD4: =IF('Pollas Fase de Grupos'!CF4>'Pollas Fase de Grupos'!CG4,'Pollas Fase de Grupos'!$CF$2,IF('Pollas Fase de Grupos'!CG4>'Pollas Fase de Grupos'!CF4,'Pollas Fase de Grupos'!$CG$2,"EMPATE")) -> EMPATE | CE4: =PUNTAJE_GANADORES('Pollas Fase de Grupos'!CF4,'Resultados Oficiales Fase de Gr'!$D$55,'Pollas Fase de Grupos'!CG4,'Resultados Oficiales Fase de Gr'!$E$55,CD4,'Resultados Oficiales Fase de Gr'!$G$55) -> 0 | CF4: =IF('Pollas Fase de Grupos'!CH4>'Pollas Fase de Grupos'!CI4,'Pollas Fase de Grupos'!$CH$2,IF('Pollas Fase de Grupos'!CI4>'Pollas Fase de Grupos'!CH4,'Pollas Fase de Grupos'!$CI$2,"EMPATE")) -> Suiza | CG4: =PUNTAJE_GANADORES('Pollas Fase de Grupos'!CH4,'Resultados Oficiales Fase de Gr'!$D$56,'Pollas Fase de Grupos'!CI4,'Resultados Oficiales Fase de Gr'!$E$56,CF4,'Resultados Oficiales Fase de Gr'!$G$56) -> 2 | CH4: =IF('Pollas Fase de Grupos'!CJ4>'Pollas Fase de Grupos'!CK4,'Pollas Fase de Grupos'!$CJ$2,IF('Pollas Fase de Grupos'!CK4>'Pollas Fase de Grupos'!CJ4,'Pollas Fase de Grupos'!$CK$2,"EMPATE")) -> Portugal | CI4: =PUNTAJE_GANADORES('Pollas Fase de Grupos'!CJ4,'Resultados Oficiales Fase de Gr'!$D$59,'Pollas Fase de Grupos'!CK4,'Resultados Oficiales Fase de Gr'!$E$59,CH4,'Resultados Oficiales Fase de Gr'!$G$59) -> 2 | CJ4: =IF('Pollas Fase de Grupos'!CL4>'Pollas Fase de Grupos'!CM4,'Pollas Fase de Grupos'!$CL$2,IF('Pollas Fase de Grupos'!CM4>'Pollas Fase de Grupos'!CL4,'Pollas Fase de Grupos'!$CM$2,"EMPATE")) -> EMPATE | CK4: =PUNTAJE_GANADORES('Pollas Fase de Grupos'!CL4,'Resultados Oficiales Fase de Gr'!$D$60,'Pollas Fase de Grupos'!CM4,'Resultados Oficiales Fase de Gr'!$E$60,CJ4,'Resultados Oficiales Fase de Gr'!$G$60) -> 5 | CL4: =IF('Pollas Fase de Grupos'!CN4>'Pollas Fase de Grupos'!CO4,'Pollas Fase de Grupos'!$CN$2,IF('Pollas Fase de Grupos'!CO4>'Pollas Fase de Grupos'!CN4,'Pollas Fase de Grupos'!$CO$2,"EMPATE")) -> EMPATE | CM4: =PUNTAJE_GANADORES('Pollas Fase de Grupos'!CN4,'Resultados Oficiales Fase de Gr'!$D$61,'Pollas Fase de Grupos'!CO4,'Resultados Oficiales Fase de Gr'!$E$61,CL4,'Resultados Oficiales Fase de Gr'!$G$61) -> 1 | CN4: =IF('Pollas Fase de Grupos'!CP4>'Pollas Fase de Grupos'!CQ4,'Pollas Fase de Grupos'!$CP$2,IF('Pollas Fase de Grupos'!CQ4>'Pollas Fase de Grupos'!CP4,'Pollas Fase de Grupos'!$CQ$2,"EMPATE")) -> Ghana | CO4: =PUNTAJE_GANADORES('Pollas Fase de Grupos'!CP4,'Resultados Oficiales Fase de Gr'!$D$62,'Pollas Fase de Grupos'!CQ4,'Resultados Oficiales Fase de Gr'!$E$62,CN4,'Resultados Oficiales Fase de Gr'!$G$62) -> 2 | CP4: =IF('Pollas Fase de Grupos'!CR4>'Pollas Fase de Grupos'!CS4,'Pollas Fase de Grupos'!$CR$2,IF('Pollas Fase de Grupos'!CS4>'Pollas Fase de Grupos'!CR4,'Pollas Fase de Grupos'!$CS$2,"EMPATE")) -> Portugal | CQ4: =PUNTAJE_GANADORES('Pollas Fase de Grupos'!CR4,'Resultados Oficiales Fase de Gr'!$D$63,'Pollas Fase de Grupos'!CS4,'Resultados Oficiales Fase de Gr'!$E$63,CP4,'Resultados Oficiales Fase de Gr'!$G$63) -> 0 | CR4: =IF('Pollas Fase de Grupos'!CT4>'Pollas Fase de Grupos'!CU4,'Pollas Fase de Grupos'!$CT$2,IF('Pollas Fase de Grupos'!CU4>'Pollas Fase de Grupos'!CT4,'Pollas Fase de Grupos'!$CU$2,"EMPATE")) -> Uruguay | CS4: =PUNTAJE_GANADORES('Pollas Fase de Grupos'!CT4,'Resultados Oficiales Fase de Gr'!$D$64,'Pollas Fase de Grupos'!CU4,'Resultados Oficiales Fase de Gr'!$E$64,CR4,'Resultados Oficiales Fase de Gr'!$G$64) -> 2 | CT4: =SUM(CS4,CQ4,CO4,CM4,CK4,CI4,CG4,CE4,CC4,CA4,BY4,BW4,BU4,BS4,BQ4,BO4,BM4,BK4,BI4,BG4,BE4,BC4,BA4,AY4,AW4,AU4,AS4,AQ4,AO4,AM4,AK4,AI4,AG4,AE4,AC4,AA4,Y4,W4,U4,S4,Q4,O4,M4,K4,I4,G4,E4,C4) -> 55 | CU4: 49 | CV4: =SUM(CU4,K4,M4,W4,Y4,AW4,AU4,AI4,AK4,BS4,BU4,BG4,BI4,CS4,CQ4,CG4,CE4) -> 58
A5: ='Pollas Fase de Grupos'!CV5 -> Pascual | B5: =IF('Pollas Fase de Grupos'!D5>'Pollas Fase de Grupos'!E5,'Pollas Fase de Grupos'!$D$2,IF('Pollas Fase de Grupos'!E5>'Pollas Fase de Grupos'!D5,'Pollas Fase de Grupos'!$E$2,"EMPATE")) -> EMPATE | C5: =PUNTAJE_GANADORES('Pollas Fase de Grupos'!D5,'Resultados Oficiales Fase de Gr'!$D$3,'Pollas Fase de Grupos'!E5,'Resultados Oficiales Fase de Gr'!$E$3,B5,'Resultados Oficiales Fase de Gr'!$G$3) -> 0 | D5: =IF('Pollas Fase de Grupos'!F5>'Pollas Fase de Grupos'!G5,'Pollas Fase de Grupos'!$F$2,IF('Pollas Fase de Grupos'!G5>'Pollas Fase de Grupos'!F5,'Pollas Fase de Grupos'!$G$2,"EMPATE")) -> Paises Bajos | E5: =PUNTAJE_GANADORES('Pollas Fase de Grupos'!F5,'Resultados Oficiales Fase de Gr'!$D$4,'Pollas Fase de Grupos'!G5,'Resultados Oficiales Fase de Gr'!$E$4,D5,'Resultados Oficiales Fase de Gr'!$G$4) -> 5 | F5: =IF('Pollas Fase de Grupos'!H5>'Pollas Fase de Grupos'!I5,'Pollas Fase de Grupos'!$H$2,IF('Pollas Fase de Grupos'!I5>'Pollas Fase de Grupos'!H5,'Pollas Fase de Grupos'!$I$2,"EMPATE")) -> Senegal | G5: =PUNTAJE_GANADORES('Pollas Fase de Grupos'!H5,'Resultados Oficiales Fase de Gr'!$D$5,'Pollas Fase de Grupos'!I5,'Resultados Oficiales Fase de Gr'!$E$5,F5,'Resultados Oficiales Fase de Gr'!$G$5) -> 3 | H5: =IF('Pollas Fase de Grupos'!J5>'Pollas Fase de Grupos'!K5,'Pollas Fase de Grupos'!$J$2,IF('Pollas Fase de Grupos'!K5>'Pollas Fase de Grupos'!J5,'Pollas Fase de Grupos'!$K$2,"EMPATE")) -> Paises Bajos | I5: =PUNTAJE_GANADORES('Pollas Fase de Grupos'!J5,'Resultados Oficiales Fase de Gr'!$D$6,'Pollas Fase de Grupos'!K5,'Resultados Oficiales Fase de Gr'!$E$6,H5,'Resultados Oficiales Fase de Gr'!$G$6) -> 0 | J5: =IF('Pollas Fase de Grupos'!L5>'Pollas Fase de Grupos'!M5,'Pollas Fase de Grupos'!$L$2,IF('Pollas Fase de Grupos'!M5>'Pollas Fase de Grupos'!L5,'Pollas Fase de Grupos'!$M$2,"EMPATE")) -> Paises Bajos | K5: =PUNTAJE_GANADORES('Pollas Fase de Grupos'!L5,'Resultados Oficiales Fase de Gr'!$D$7,'Pollas Fase de Grupos'!M5,'Resultados Oficiales Fase de Gr'!$E$7,J5,'Resultados Oficiales Fase de Gr'!$G$7) -> 2 | L5: =IF('Pollas Fase de Grupos'!N5>'Pollas Fase de Grupos'!O5,'Pollas Fase de Grupos'!$N$2,IF('Pollas Fase de Grupos'!O5>'Pollas Fase de Grupos'!N5,'Pollas Fase de Grupos'!$O$2,"EMPATE")) -> EMPATE | M5: =PUNTAJE_GANADORES('Pollas Fase de Grupos'!N5,'Resultados Oficiales Fase de Gr'!$D$8,'Pollas Fase de Grupos'!O5,'Resultados Oficiales Fase de Gr'!$E$8,L5,'Resultados Oficiales Fase de Gr'!$G$8) -> 1 | N5: =IF('Pollas Fase de Grupos'!P5>'Pollas Fase de Grupos'!Q5,'Pollas Fase de Grupos'!$P$2,IF('Pollas Fase de Grupos'!Q5>'Pollas Fase de Grupos'!P5,'Pollas Fase de Grupos'!$Q$2,"EMPATE")) -> Inglaterra | O5: =PUNTAJE_GANADORES('Pollas Fase de Grupos'!P5,'Resultados Oficiales Fase de Gr'!$D$11,'Pollas Fase de Grupos'!Q5,'Resultados Oficiales Fase de Gr'!$E$11,N5,'Resultados Oficiales Fase de Gr'!$G$11) -> 2 | P5: =IF('Pollas Fase de Grupos'!R5>'Pollas Fase de Grupos'!S5,'Pollas Fase de Grupos'!$R$2,IF('Pollas Fase de Grupos'!S5>'Pollas Fase de Grupos'!R5,'Pollas Fase de Grupos'!$S$2,"EMPATE")) -> Estados Unidos | Q5: =PUNTAJE_GANADORES('Pollas Fase de Grupos'!R5,'Resultados Oficiales Fase de Gr'!$D$12,'Pollas Fase de Grupos'!S5,'Resultados Oficiales Fase de Gr'!$E$12,P5,'Resultados Oficiales Fase de Gr'!$G$12) -> 0 | R5: =IF('Pollas Fase de Grupos'!T5>'Pollas Fase de Grupos'!U5,'Pollas Fase de Grupos'!$T$2,IF('Pollas Fase de Grupos'!U5>'Pollas Fase de Grupos'!T5,'Pollas Fase de Grupos'!$U$2,"EMPATE")) -> Inglaterra | S5: =PUNTAJE_GANADORES('Pollas Fase de Grupos'!T5,'Resultados Oficiales Fase de Gr'!$D$13,'Pollas Fase de Grupos'!U5,'Resultados Oficiales Fase de Gr'!$E$13,R5,'Resultados Oficiales Fase de Gr'!$G$13) -> 1 | T5: =IF('Pollas Fase de Grupos'!V5>'Pollas Fase de Grupos'!W5,'Pollas Fase de Grupos'!$V$2,IF('Pollas Fase de Grupos'!W5>'Pollas Fase de Grupos'!V5,'Pollas Fase de Grupos'!$W$2,"EMPATE")) -> EMPATE | U5: =PUNTAJE_GANADORES('Pollas Fase de Grupos'!V5,'Resultados Oficiales Fase de Gr'!$D$14,'Pollas Fase de Grupos'!W5,'Resultados Oficiales Fase de Gr'!$E$14,T5,'Resultados Oficiales Fase de Gr'!$G$14) -> 1 | V5: =IF('Pollas Fase de Grupos'!X5>'Pollas Fase de Grupos'!Y5,'Pollas Fase de Grupos'!$X$2,IF('Pollas Fase de Grupos'!Y5>'Pollas Fase de Grupos'!X5,'Pollas Fase de Grupos'!$Y$2,"EMPATE")) -> Inglaterra | W5: =PUNTAJE_GANADORES('Pollas Fase de Grupos'!X5,'Resultados Oficiales Fase de Gr'!$D$15,'Pollas Fase de Grupos'!Y5,'Resultados Oficiales Fase de Gr'!$E$15,V5,'Resultados Oficiales Fase de Gr'!$G$15) -> 2 | X5: =IF('Pollas Fase de Grupos'!Z5>'Pollas Fase de Grupos'!AA5,'Pollas Fase de Grupos'!$Z$2,IF('Pollas Fase de Grupos'!AA5>'Pollas Fase de Grupos'!Z5,'Pollas Fase de Grupos'!$AA$2,"EMPATE")) -> Estados Unidos | Y5: =PUNTAJE_GANADORES('Pollas Fase de Grupos'!Z5,'Resultados Oficiales Fase de Gr'!$D$16,'Pollas Fase de Grupos'!AA5,'Resultados Oficiales Fase de Gr'!$E$16,X5,'Resultados Oficiales Fase de Gr'!$G$16) -> 5 | Z5: =IF('Pollas Fase de Grupos'!AB5>'Pollas Fase de Grupos'!AC5,'Pollas Fase de Grupos'!$AB$2,IF('Pollas Fase de Grupos'!AC5>'Pollas Fase de Grupos'!AB5,'Pollas Fase de Grupos'!$AC$2,"EMPATE")) -> Argentina | AA5: =PUNTAJE_GANADORES('Pollas Fase de Grupos'!AB5,'Resultados Oficiales Fase de Gr'!$D$19,'Pollas Fase de Grupos'!AC5,'Resultados Oficiales Fase de Gr'!$E$19,Z5,'Resultados Oficiales Fase de Gr'!$G$19) -> 0 | AB5: =IF('Pollas Fase de Grupos'!AD5>'Pollas Fase de Grupos'!AE5,'Pollas Fase de Grupos'!$AD$2,IF('Pollas Fase de Grupos'!AE5>'Pollas Fase de Grupos'!AD5,'Pollas Fase de Grupos'!$AE$2,"EMPATE")) -> EMPATE | AC5: =PUNTAJE_GANADORES('Pollas Fase de Grupos'!AD5,'Resultados Oficiales Fase de Gr'!$D$20,'Pollas Fase de Grupos'!AE5,'Resultados Oficiales Fase de Gr'!$E$20,AB5,'Resultados Oficiales Fase de Gr'!$G$20) -> 1 | AD5: =IF('Pollas Fase de Grupos'!AF5>'Pollas Fase de Grupos'!AG5,'Pollas Fase de Grupos'!$AF$2,IF('Pollas Fase de Grupos'!AG5>'Pollas Fase de Grupos'!AF5,'Pollas Fase de Grupos'!$AG$2,"EMPATE")) -> Argentina | AE5: =PUNTAJE_GANADORES('Pollas Fase de Grupos'!AF5,'Resultados Oficiales Fase de Gr'!$D$21,'Pollas Fase de Grupos'!AG5,'Resultados Oficiales Fase de Gr'!$E$21,AD5,'Resultados Oficiales Fase de Gr'!$G$21) -> 5 | AF5: =IF('Pollas Fase de Grupos'!AH5>'Pollas Fase de Grupos'!AI5,'Pollas Fase de Grupos'!$AH$2,IF('Pollas Fase de Grupos'!AI5>'Pollas Fase de Grupos'!AH5,'Pollas Fase de Grupos'!$AI$2,"EMPATE")) -> Polonia | AG5: =PUNTAJE_GANADORES('Pollas Fase de Grupos'!AH5,'Resultados Oficiales Fase de Gr'!$D$22,'Pollas Fase de Grupos'!AI5,'Resultados Oficiales Fase de Gr'!$E$22,AF5,'Resultados Oficiales Fase de Gr'!$G$22) -> 3 | AH5: =IF('Pollas Fase de Grupos'!AJ5>'Pollas Fase de Grupos'!AK5,'Pollas Fase de Grupos'!$AJ$2,IF('Pollas Fase de Grupos'!AK5>'Pollas Fase de Grupos'!AJ5,'Pollas Fase de Grupos'!$AK$2,"EMPATE")) -> Argentina | AI5: =PUNTAJE_GANADORES('Pollas Fase de Grupos'!AJ5,'Resultados Oficiales Fase de Gr'!$D$23,'Pollas Fase de Grupos'!AK5,'Resultados Oficiales Fase de Gr'!$E$23,AH5,'Resultados Oficiales Fase de Gr'!$G$23) -> 3 | AJ5: =IF('Pollas Fase de Grupos'!AL5>'Pollas Fase de Grupos'!AM5,'Pollas Fase de Grupos'!$AL$2,IF('Pollas Fase de Grupos'!AM5>'Pollas Fase de Grupos'!AL5,'Pollas Fase de Grupos'!$AM$2,"EMPATE")) -> Mexico | AK5: =PUNTAJE_GANADORES('Pollas Fase de Grupos'!AL5,'Resultados Oficiales Fase de Gr'!$D$24,'Pollas Fase de Grupos'!AM5,'Resultados Oficiales Fase de Gr'!$E$24,AJ5,'Resultados Oficiales Fase de Gr'!$G$24) -> 3 | AL5: =IF('Pollas Fase de Grupos'!AN5>'Pollas Fase de Grupos'!AO5,'Pollas Fase de Grupos'!$AN$2,IF('Pollas Fase de Grupos'!AO5>'Pollas Fase de Grupos'!AN5,'Pollas Fase de Grupos'!$AO$2,"EMPATE")) -> Francia | AM5: =PUNTAJE_GANADORES('Pollas Fase de Grupos'!AN5,'Resultados Oficiales Fase de Gr'!$D$27,'Pollas Fase de Grupos'!AO5,'Resultados Oficiales Fase de Gr'!$E$27,AL5,'Resultados Oficiales Fase de Gr'!$G$27) -> 2 | AN5: =IF('Pollas Fase de Grupos'!AP5>'Pollas Fase de Grupos'!AQ5,'Pollas Fase de Grupos'!$AP$2,IF('Pollas Fase de Grupos'!AQ5>'Pollas Fase de Grupos'!AP5,'Pollas Fase de Grupos'!$AQ$2,"EMPATE")) -> Dinamarca | AO5: =PUNTAJE_GANADORES('Pollas Fase de Grupos'!AP5,'Resultados Oficiales Fase de Gr'!$D$28,'Pollas Fase de Grupos'!AQ5,'Resultados Oficiales Fase de Gr'!$E$28,AN5,'Resultados Oficiales Fase de Gr'!$G$28) -> 1 | AP5: =IF('Pollas Fase de Grupos'!AR5>'Pollas Fase de Grupos'!AS5,'Pollas Fase de Grupos'!$AR$2,IF('Pollas Fase de Grupos'!AS5>'Pollas Fase de Grupos'!AR5,'Pollas Fase de Grupos'!$AS$2,"EMPATE")) -> EMPATE | AQ5: =PUNTAJE_GANADORES('Pollas Fase de Grupos'!AR5,'Resultados Oficiales Fase de Gr'!$D$29,'Pollas Fase de Grupos'!AS5,'Resultados Oficiales Fase de Gr'!$E$29,AP5,'Resultados Oficiales Fase de Gr'!$G$29) -> 1 | AR5: =IF('Pollas Fase de Grupos'!AT5>'Pollas Fase de Grupos'!AU5,'Pollas Fase de Grupos'!$AT$2,IF('Pollas Fase de Grupos'!AU5>'Pollas Fase de Grupos'!AT5,'Pollas Fase de Grupos'!$AU$2,"EMPATE")) -> Tunez | AS5: =PUNTAJE_GANADORES('Pollas Fase de Grupos'!AT5,'Resultados Oficiales Fase de Gr'!$D$30,'Pollas Fase de Grupos'!AU5,'Resultados Oficiales Fase de Gr'!$E$30,AR5,'Resultados Oficiales Fase de Gr'!$G$30) -> 1 | AT5: =IF('Pollas Fase de Grupos'!AV5>'Pollas Fase de Grupos'!AW5,'Pollas Fase de Grupos'!$AV$2,IF('Pollas Fase de Grupos'!AW5>'Pollas Fase de Grupos'!AV5,'Pollas Fase de Grupos'!$AW$2,"EMPATE")) -> Francia | AU5: =PUNTAJE_GANADORES('Pollas Fase de Grupos'!AV5,'Resultados Oficiales Fase de Gr'!$D$31,'Pollas Fase de Grupos'!AW5,'Resultados Oficiales Fase de Gr'!$E$31,AT5,'Resultados Oficiales Fase de Gr'!$G$31) -> 1 | AV5: =IF('Pollas Fase de Grupos'!AX5>'Pollas Fase de Grupos'!AY5,'Pollas Fase de Grupos'!$AX$2,IF('Pollas Fase de Grupos'!AY5>'Pollas Fase de Grupos'!AX5,'Pollas Fase de Grupos'!$AY$2,"EMPATE")) -> Dinamarca | AW5: =PUNTAJE_GANADORES('Pollas Fase de Grupos'!AX5,'Resultados Oficiales Fase de Gr'!$D$32,'Pollas Fase de Grupos'!AY5,'Resultados Oficiales Fase de Gr'!$E$32,AV5,'Resultados Oficiales Fase de Gr'!$G$32) -> 0 | AX5: =IF('Pollas Fase de Grupos'!AZ5>'Pollas Fase de Grupos'!BA5,'Pollas Fase de Grupos'!$AZ$2,IF('Pollas Fase de Grupos'!BA5>'Pollas Fase de Grupos'!AZ5,'Pollas Fase de Grupos'!$BA$2,"EMPATE")) -> España | AY5: =PUNTAJE_GANADORES('Pollas Fase de Grupos'!AZ5,'Resultados Oficiales Fase de Gr'!$D$35,'Pollas Fase de Grupos'!BA5,'Resultados Oficiales Fase de Gr'!$E$35,AX5,'Resultados Oficiales Fase de Gr'!$G$35) -> 1 | AZ5: =IF('Pollas Fase de Grupos'!BB5>'Pollas Fase de Grupos'!BC5,'Pollas Fase de Grupos'!$BB$2,IF('Pollas Fase de Grupos'!BC5>'Pollas Fase de Grupos'!BB5,'Pollas Fase de Grupos'!$BC$2,"EMPATE")) -> Alemania | BA5: =PUNTAJE_GANADORES('Pollas Fase de Grupos'!BB5,'Resultados Oficiales Fase de Gr'!$D$36,'Pollas Fase de Grupos'!BC5,'Resultados Oficiales Fase de Gr'!$E$36,AZ5,'Resultados Oficiales Fase de Gr'!$G$36) -> 0 | BB5: =IF('Pollas Fase de Grupos'!BD5>'Pollas Fase de Grupos'!BE5,'Pollas Fase de Grupos'!$BD$2,IF('Pollas Fase de Grupos'!BE5>'Pollas Fase de Grupos'!BD5,'Pollas Fase de Grupos'!$BE$2,"EMPATE")) -> España | BC5: =PUNTAJE_GANADORES('Pollas Fase de Grupos'!BD5,'Resultados Oficiales Fase de Gr'!$D$37,'Pollas Fase de Grupos'!BE5,'Resultados Oficiales Fase de Gr'!$E$37,BB5,'Resultados Oficiales Fase de Gr'!$G$37) -> 1 | BD5: =IF('Pollas Fase de Grupos'!BF5>'Pollas Fase de Grupos'!BG5,'Pollas Fase de Grupos'!$BF$2,IF('Pollas Fase de Grupos'!BG5>'Pollas Fase de Grupos'!BF5,'Pollas Fase de Grupos'!$BG$2,"EMPATE")) -> EMPATE | BE5: =PUNTAJE_GANADORES('Pollas Fase de Grupos'!BF5,'Resultados Oficiales Fase de Gr'!$D$38,'Pollas Fase de Grupos'!BG5,'Resultados Oficiales Fase de Gr'!$E$38,BD5,'Resultados Oficiales Fase de Gr'!$G$38) -> 1 | BF5: =IF('Pollas Fase de Grupos'!BH5>'Pollas Fase de Grupos'!BI5,'Pollas Fase de Grupos'!$BH$2,IF('Pollas Fase de Grupos'!BI5>'Pollas Fase de Grupos'!BH5,'Pollas Fase de Grupos'!$BI$2,"EMPATE")) -> España | BG5: =PUNTAJE_GANADORES('Pollas Fase de Grupos'!BH5,'Resultados Oficiales Fase de Gr'!$D$39,'Pollas Fase de Grupos'!BI5,'Resultados Oficiales Fase de Gr'!$E$39,BF5,'Resultados Oficiales Fase de Gr'!$G$39) -> 0 | BH5: =IF('Pollas Fase de Grupos'!BJ5>'Pollas Fase de Grupos'!BK5,'Pollas Fase de Grupos'!$BJ$2,IF('Pollas Fase de Grupos'!BK5>'Pollas Fase de Grupos'!BJ5,'Pollas Fase de Grupos'!$BK$2,"EMPATE")) -> Alemania | BI5: =PUNTAJE_GANADORES('Pollas Fase de Grupos'!BJ5,'Resultados Oficiales Fase de Gr'!$D$40,'Pollas Fase de Grupos'!BK5,'Resultados Oficiales Fase de Gr'!$E$40,BH5,'Resultados Oficiales Fase de Gr'!$G$40) -> 2 | BJ5: =IF('Pollas Fase de Grupos'!BL5>'Pollas Fase de Grupos'!BM5,'Pollas Fase de Grupos'!$BL$2,IF('Pollas Fase de Grupos'!BM5>'Pollas Fase de Grupos'!BL5,'Pollas Fase de Grupos'!$BM$2,"EMPATE")) -> Belgica | BK5: =PUNTAJE_GANADORES('Pollas Fase de Grupos'!BL5,'Resultados Oficiales Fase de Gr'!$D$43,'Pollas Fase de Grupos'!BM5,'Resultados Oficiales Fase de Gr'!$E$43,BJ5,'Resultados Oficiales Fase de Gr'!$G$43) -> 2 | BL5: =IF('Pollas Fase de Grupos'!BN5>'Pollas Fase de Grupos'!BO5,'Pollas Fase de Grupos'!$BN$2,IF('Pollas Fase de Grupos'!BO5>'Pollas Fase de Grupos'!BN5,'Pollas Fase de Grupos'!$BO$2,"EMPATE")) -> EMPATE | BM5: =PUNTAJE_GANADORES('Pollas Fase de Grupos'!BN5,'Resultados Oficiales Fase de Gr'!$D$44,'Pollas Fase de Grupos'!BO5,'Resultados Oficiales Fase de Gr'!$E$44,BL5,'Resultados Oficiales Fase de Gr'!$G$44) -> 1 | BN5: =IF('Pollas Fase de Grupos'!BP5>'Pollas Fase de Grupos'!BQ5,'Pollas Fase de Grupos'!$BP$2,IF('Pollas Fase de Grupos'!BQ5>'Pollas Fase de Grupos'!BP5,'Pollas Fase de Grupos'!$BQ$2,"EMPATE")) -> Belgica | BO5: =PUNTAJE_GANADORES('Pollas Fase de Grupos'!BP5,'Resultados Oficiales Fase de Gr'!$D$45,'Pollas Fase de Grupos'!BQ5,'Resultados Oficiales Fase de Gr'!$E$45,BN5,'Resultados Oficiales Fase de Gr'!$G$45) -> 0 | BP5: =IF('Pollas Fase de Grupos'!BR5>'Pollas Fase de Grupos'!BS5,'Pollas Fase de Grupos'!$BR$2,IF('Pollas Fase de Grupos'!BS5>'Pollas Fase de Grupos'!BR5,'Pollas Fase de Grupos'!$BS$2,"EMPATE")) -> EMPATE | BQ5: =PUNTAJE_GANADORES('Pollas Fase de Grupos'!BR5,'Resultados Oficiales Fase de Gr'!$D$46,'Pollas Fase de Grupos'!BS5,'Resultados Oficiales Fase de Gr'!$E$46,BP5,'Resultados Oficiales Fase de Gr'!$G$46) -> 0 | BR5: =IF('Pollas Fase de Grupos'!BT5>'Pollas Fase de Grupos'!BU5,'Pollas Fase de Grupos'!$BT$2,IF('Pollas Fase de Grupos'!BU5>'Pollas Fase de Grupos'!BT5,'Pollas Fase de Grupos'!$BU$2,"EMPATE")) -> EMPATE | BS5: =PUNTAJE_GANADORES('Pollas Fase de Grupos'!BT5,'Resultados Oficiales Fase de Gr'!$D$47,'Pollas Fase de Grupos'!BU5,'Resultados Oficiales Fase de Gr'!$E$47,BR5,'Resultados Oficiales Fase de Gr'!$G$47) -> 1 | BT5: =IF('Pollas Fase de Grupos'!BV5>'Pollas Fase de Grupos'!BW5,'Pollas Fase de Grupos'!$BV$2,IF('Pollas Fase de Grupos'!BW5>'Pollas Fase de Grupos'!BV5,'Pollas Fase de Grupos'!$BW$2,"EMPATE")) -> Canada | BU5: =PUNTAJE_GANADORES('Pollas Fase de Grupos'!BV5,'Resultados Oficiales Fase de Gr'!$D$48,'Pollas Fase de Grupos'!BW5,'Resultados Oficiales Fase de Gr'!$E$48,BT5,'Resultados Oficiales Fase de Gr'!$G$48) -> 0 | BV5: =IF('Pollas Fase de Grupos'!BX5>'Pollas Fase de Grupos'!BY5,'Pollas Fase de Grupos'!$BX$2,IF('Pollas Fase de Grupos'!BY5>'Pollas Fase de Grupos'!BX5,'Pollas Fase de Grupos'!$BY$2,"EMPATE")) -> Brasil | BW5: =PUNTAJE_GANADORES('Pollas Fase de Grupos'!BX5,'Resultados Oficiales Fase de Gr'!$D$51,'Pollas Fase de Grupos'!BY5,'Resultados Oficiales Fase de Gr'!$E$51,BV5,'Resultados Oficiales Fase de Gr'!$G$51) -> 5 | BX5: =IF('Pollas Fase de Grupos'!BZ5>'Pollas Fase de Grupos'!CA5,'Pollas Fase de Grupos'!$BZ$2,IF('Pollas Fase de Grupos'!CA5>'Pollas Fase de Grupos'!BZ5,'Pollas Fase de Grupos'!$CA$2,"EMPATE")) -> EMPATE | BY5: =PUNTAJE_GANADORES('Pollas Fase de Grupos'!BZ5,'Resultados Oficiales Fase de Gr'!$D$52,'Pollas Fase de Grupos'!CA5,'Resultados Oficiales Fase de Gr'!$E$52,BX5,'Resultados Oficiales Fase de Gr'!$G$52) -> 1 | BZ5: =IF('Pollas Fase de Grupos'!CB5>'Pollas Fase de Grupos'!CC5,'Pollas Fase de Grupos'!$CB$2,IF('Pollas Fase de Grupos'!CC5>'Pollas Fase de Grupos'!CB5,'Pollas Fase de Grupos'!$CC$2,"EMPATE")) -> Brasil | CA5: =PUNTAJE_GANADORES('Pollas Fase de Grupos'!CB5,'Resultados Oficiales Fase de Gr'!$D$53,'Pollas Fase de Grupos'!CC5,'Resultados Oficiales Fase de Gr'!$E$53,BZ5,'Resultados Oficiales Fase de Gr'!$G$53) -> 3 | CB5: =IF('Pollas Fase de Grupos'!CD5>'Pollas Fase de Grupos'!CE5,'Pollas Fase de Grupos'!$CD$2,IF('Pollas Fase de Grupos'!CE5>'Pollas Fase de Grupos'!CD5,'Pollas Fase de Grupos'!$CE$2,"EMPATE")) -> Serbia | CC5: =PUNTAJE_GANADORES('Pollas Fase de Grupos'!CD5,'Resultados Oficiales Fase de Gr'!$D$54,'Pollas Fase de Grupos'!CE5,'Resultados Oficiales Fase de Gr'!$E$54,CB5,'Resultados Oficiales Fase de Gr'!$G$54) -> 0 | CD5: =IF('Pollas Fase de Grupos'!CF5>'Pollas Fase de Grupos'!CG5,'Pollas Fase de Grupos'!$CF$2,IF('Pollas Fase de Grupos'!CG5>'Pollas Fase de Grupos'!CF5,'Pollas Fase de Grupos'!$CG$2,"EMPATE")) -> Brasil | CE5: =PUNTAJE_GANADORES('Pollas Fase de Grupos'!CF5,'Resultados Oficiales Fase de Gr'!$D$55,'Pollas Fase de Grupos'!CG5,'Resultados Oficiales Fase de Gr'!$E$55,CD5,'Resultados Oficiales Fase de Gr'!$G$55) -> 1 | CF5: =IF('Pollas Fase de Grupos'!CH5>'Pollas Fase de Grupos'!CI5,'Pollas Fase de Grupos'!$CH$2,IF('Pollas Fase de Grupos'!CI5>'Pollas Fase de Grupos'!CH5,'Pollas Fase de Grupos'!$CI$2,"EMPATE")) -> Serbia | CG5: =PUNTAJE_GANADORES('Pollas Fase de Grupos'!CH5,'Resultados Oficiales Fase de Gr'!$D$56,'Pollas Fase de Grupos'!CI5,'Resultados Oficiales Fase de Gr'!$E$56,CF5,'Resultados Oficiales Fase de Gr'!$G$56) -> 1 | CH5: =IF('Pollas Fase de Grupos'!CJ5>'Pollas Fase de Grupos'!CK5,'Pollas Fase de Grupos'!$CJ$2,IF('Pollas Fase de Grupos'!CK5>'Pollas Fase de Grupos'!CJ5,'Pollas Fase de Grupos'!$CK$2,"EMPATE")) -> Portugal | CI5: =PUNTAJE_GANADORES('Pollas Fase de Grupos'!CJ5,'Resultados Oficiales Fase de Gr'!$D$59,'Pollas Fase de Grupos'!CK5,'Resultados Oficiales Fase de Gr'!$E$59,CH5,'Resultados Oficiales Fase de Gr'!$G$59) -> 2 | CJ5: =IF('Pollas Fase de Grupos'!CL5>'Pollas Fase de Grupos'!CM5,'Pollas Fase de Grupos'!$CL$2,IF('Pollas Fase de Grupos'!CM5>'Pollas Fase de Grupos'!CL5,'Pollas Fase de Grupos'!$CM$2,"EMPATE")) -> EMPATE | CK5: =PUNTAJE_GANADORES('Pollas Fase de Grupos'!CL5,'Resultados Oficiales Fase de Gr'!$D$60,'Pollas Fase de Grupos'!CM5,'Resultados Oficiales Fase de Gr'!$E$60,CJ5,'Resultados Oficiales Fase de Gr'!$G$60) -> 5 | CL5: =IF('Pollas Fase de Grupos'!CN5>'Pollas Fase de Grupos'!CO5,'Pollas Fase de Grupos'!$CN$2,IF('Pollas Fase de Grupos'!CO5>'Pollas Fase de Grupos'!CN5,'Pollas Fase de Grupos'!$CO$2,"EMPATE")) -> Portugal | CM5: =PUNTAJE_GANADORES('Pollas Fase de Grupos'!CN5,'Resultados Oficiales Fase de Gr'!$D$61,'Pollas Fase de Grupos'!CO5,'Resultados Oficiales Fase de Gr'!$E$61,CL5,'Resultados Oficiales Fase de Gr'!$G$61) -> 2 | CN5: =IF('Pollas Fase de Grupos'!CP5>'Pollas Fase de Grupos'!CQ5,'Pollas Fase de Grupos'!$CP$2,IF('Pollas Fase de Grupos'!CQ5>'Pollas Fase de Grupos'!CP5,'Pollas Fase de Grupos'!$CQ$2,"EMPATE")) -> EMPATE | CO5: =PUNTAJE_GANADORES('Pollas Fase de Grupos'!CP5,'Resultados Oficiales Fase de Gr'!$D$62,'Pollas Fase de Grupos'!CQ5,'Resultados Oficiales Fase de Gr'!$E$62,CN5,'Resultados Oficiales Fase de Gr'!$G$62) -> 0 | CP5: =IF('Pollas Fase de Grupos'!CR5>'Pollas Fase de Grupos'!CS5,'Pollas Fase de Grupos'!$CR$2,IF('Pollas Fase de Grupos'!CS5>'Pollas Fase de Grupos'!CR5,'Pollas Fase de Grupos'!$CS$2,"EMPATE")) -> Portugal | CQ5: =PUNTAJE_GANADORES('Pollas Fase de Grupos'!CR5,'Resultados Oficiales Fase de Gr'!$D$63,'Pollas Fase de Grupos'!CS5,'Resultados Oficiales Fase de Gr'!$E$63,CP5,'Resultados Oficiales Fase de Gr'!$G$63) -> 0 | CR5: =IF('Pollas Fase de Grupos'!CT5>'Pollas Fase de Grupos'!CU5,'Pollas Fase de Grupos'!$CT$2,IF('Pollas Fase de Grupos'!CU5>'Pollas Fase de Grupos'!CT5,'Pollas Fase de Grupos'!$CU$2,"EMPATE")) -> EMPATE | CS5: =PUNTAJE_GANADORES('Pollas Fase de Grupos'!CT5,'Resultados Oficiales Fase de Gr'!$D$64,'Pollas Fase de Grupos'!CU5,'Resultados Oficiales Fase de Gr'!$E$64,CR5,'Resultados Oficiales Fase de Gr'!$G$64) -> 0 | CT5: =SUM(CS5,CQ5,CO5,CM5,CK5,CI5,CG5,CE5,CC5,CA5,BY5,BW5,BU5,BS5,BQ5,BO5,BM5,BK5,BI5,BG5,BE5,BC5,BA5,AY5,AW5,AU5,AS5,AQ5,AO5,AM5,AK5,AI5,AG5,AE5,AC5,AA5,Y5,W5,U5,S5,Q5,O5,M5,K5,I5,G5,E5,C5) -> 72 | CU5: 52 | CV5: =SUM(CU5,K5,M5,W5,Y5,AW5,AU5,AI5,AK5,BS5,BU5,BG5,BI5,CS5,CQ5,CG5,CE5) -> 74
A6: ='Pollas Fase de Grupos'!CV6 -> Juan Esteban Montoya Hincapie | B6: =IF('Pollas Fase de Grupos'!D6>'Pollas Fase de Grupos'!E6,'Pollas Fase de Grupos'!$D$2,IF('Pollas Fase de Grupos'!E6>'Pollas Fase de Grupos'!D6,'Pollas Fase de Grupos'!$E$2,"EMPATE")) -> Ecuador | C6: =PUNTAJE_GANADORES('Pollas Fase de Grupos'!D6,'Resultados Oficiales Fase de Gr'!$D$3,'Pollas Fase de Grupos'!E6,'Resultados Oficiales Fase de Gr'!$E$3,B6,'Resultados Oficiales Fase de Gr'!$G$3) -> 5 | D6: =IF('Pollas Fase de Grupos'!F6>'Pollas Fase de Grupos'!G6,'Pollas Fase de Grupos'!$F$2,IF('Pollas Fase de Grupos'!G6>'Pollas Fase de Grupos'!F6,'Pollas Fase de Grupos'!$G$2,"EMPATE")) -> Paises Bajos | E6: =PUNTAJE_GANADORES('Pollas Fase de Grupos'!F6,'Resultados Oficiales Fase de Gr'!$D$4,'Pollas Fase de Grupos'!G6,'Resultados Oficiales Fase de Gr'!$E$4,D6,'Resultados Oficiales Fase de Gr'!$G$4) -> 2 | F6: =IF('Pollas Fase de Grupos'!H6>'Pollas Fase de Grupos'!I6,'Pollas Fase de Grupos'!$H$2,IF('Pollas Fase de Grupos'!I6>'Pollas Fase de Grupos'!H6,'Pollas Fase de Grupos'!$I$2,"EMPATE")) -> Senegal | G6: =PUNTAJE_GANADORES('Pollas Fase de Grupos'!H6,'Resultados Oficiales Fase de Gr'!$D$5,'Pollas Fase de Grupos'!I6,'Resultados Oficiales Fase de Gr'!$E$5,F6,'Resultados Oficiales Fase de Gr'!$G$5) -> 2 | H6: =IF('Pollas Fase de Grupos'!J6>'Pollas Fase de Grupos'!K6,'Pollas Fase de Grupos'!$J$2,IF('Pollas Fase de Grupos'!K6>'Pollas Fase de Grupos'!J6,'Pollas Fase de Grupos'!$K$2,"EMPATE")) -> Paises Bajos | I6: =PUNTAJE_GANADORES('Pollas Fase de Grupos'!J6,'Resultados Oficiales Fase de Gr'!$D$6,'Pollas Fase de Grupos'!K6,'Resultados Oficiales Fase de Gr'!$E$6,H6,'Resultados Oficiales Fase de Gr'!$G$6) -> 1 | J6: =IF('Pollas Fase de Grupos'!L6>'Pollas Fase de Grupos'!M6,'Pollas Fase de Grupos'!$L$2,IF('Pollas Fase de Grupos'!M6>'Pollas Fase de Grupos'!L6,'Pollas Fase de Grupos'!$M$2,"EMPATE")) -> Paises Bajos | K6: =PUNTAJE_GANADORES('Pollas Fase de Grupos'!L6,'Resultados Oficiales Fase de Gr'!$D$7,'Pollas Fase de Grupos'!M6,'Resultados Oficiales Fase de Gr'!$E$7,J6,'Resultados Oficiales Fase de Gr'!$G$7) -> 3 | L6: =IF('Pollas Fase de Grupos'!N6>'Pollas Fase de Grupos'!O6,'Pollas Fase de Grupos'!$N$2,IF('Pollas Fase de Grupos'!O6>'Pollas Fase de Grupos'!N6,'Pollas Fase de Grupos'!$O$2,"EMPATE")) -> Ecuador | M6: =PUNTAJE_GANADORES('Pollas Fase de Grupos'!N6,'Resultados Oficiales Fase de Gr'!$D$8,'Pollas Fase de Grupos'!O6,'Resultados Oficiales Fase de Gr'!$E$8,L6,'Resultados Oficiales Fase de Gr'!$G$8) -> 0 | N6: =IF('Pollas Fase de Grupos'!P6>'Pollas Fase de Grupos'!Q6,'Pollas Fase de Grupos'!$P$2,IF('Pollas Fase de Grupos'!Q6>'Pollas Fase de Grupos'!P6,'Pollas Fase de Grupos'!$Q$2,"EMPATE")) -> Inglaterra | O6: =PUNTAJE_GANADORES('Pollas Fase de Grupos'!P6,'Resultados Oficiales Fase de Gr'!$D$11,'Pollas Fase de Grupos'!Q6,'Resultados Oficiales Fase de Gr'!$E$11,N6,'Resultados Oficiales Fase de Gr'!$G$11) -> 2 | P6: =IF('Pollas Fase de Grupos'!R6>'Pollas Fase de Grupos'!S6,'Pollas Fase de Grupos'!$R$2,IF('Pollas Fase de Grupos'!S6>'Pollas Fase de Grupos'!R6,'Pollas Fase de Grupos'!$S$2,"EMPATE")) -> Estados Unidos | Q6: =PUNTAJE_GANADORES('Pollas Fase de Grupos'!R6,'Resultados Oficiales Fase de Gr'!$D$12,'Pollas Fase de Grupos'!S6,'Resultados Oficiales Fase de Gr'!$E$12,P6,'Resultados Oficiales Fase de Gr'!$G$12) -> 1 | R6: =IF('Pollas Fase de Grupos'!T6>'Pollas Fase de Grupos'!U6,'Pollas Fase de Grupos'!$T$2,IF('Pollas Fase de Grupos'!U6>'Pollas Fase de Grupos'!T6,'Pollas Fase de Grupos'!$U$2,"EMPATE")) -> Inglaterra | S6: =PUNTAJE_GANADORES('Pollas Fase de Grupos'!T6,'Resultados Oficiales Fase de Gr'!$D$13,'Pollas Fase de Grupos'!U6,'Resultados Oficiales Fase de Gr'!$E$13,R6,'Resultados Oficiales Fase de Gr'!$G$13) -> 0 | T6: =IF('Pollas Fase de Grupos'!V6>'Pollas Fase de Grupos'!W6,'Pollas Fase de Grupos'!$V$2,IF('Pollas Fase de Grupos'!W6>'Pollas Fase de Grupos'!V6,'Pollas Fase de Grupos'!$W$2,"EMPATE")) -> EMPATE | U6: =PUNTAJE_GANADORES('Pollas Fase de Grupos'!V6,'Resultados Oficiales Fase de Gr'!$D$14,'Pollas Fase de Grupos'!W6,'Resultados Oficiales Fase de Gr'!$E$14,T6,'Resultados Oficiales Fase de Gr'!$G$14) -> 0 | V6: =IF('Pollas Fase de Grupos'!X6>'Pollas Fase de Grupos'!Y6,'Pollas Fase de Grupos'!$X$2,IF('Pollas Fase de Grupos'!Y6>'Pollas Fase de Grupos'!X6,'Pollas Fase de Grupos'!$Y$2,"EMPATE")) -> Inglaterra | W6: =PUNTAJE_GANADORES('Pollas Fase de Grupos'!X6,'Resultados Oficiales Fase de Gr'!$D$15,'Pollas Fase de Grupos'!Y6,'Resultados Oficiales Fase de Gr'!$E$15,V6,'Resultados Oficiales Fase de Gr'!$G$15) -> 2 | X6: =IF('Pollas Fase de Grupos'!Z6>'Pollas Fase de Grupos'!AA6,'Pollas Fase de Grupos'!$Z$2,IF('Pollas Fase de Grupos'!AA6>'Pollas Fase de Grupos'!Z6,'Pollas Fase de Grupos'!$AA$2,"EMPATE")) -> Estados Unidos | Y6: =PUNTAJE_GANADORES('Pollas Fase de Grupos'!Z6,'Resultados Oficiales Fase de Gr'!$D$16,'Pollas Fase de Grupos'!AA6,'Resultados Oficiales Fase de Gr'!$E$16,X6,'Resultados Oficiales Fase de Gr'!$G$16) -> 3 | Z6: =IF('Pollas Fase de Grupos'!AB6>'Pollas Fase de Grupos'!AC6,'Pollas Fase de Grupos'!$AB$2,IF('Pollas Fase de Grupos'!AC6>'Pollas Fase de Grupos'!AB6,'Pollas Fase de Grupos'!$AC$2,"EMPATE")) -> Argentina | AA6: =PUNTAJE_GANADORES('Pollas Fase de Grupos'!AB6,'Resultados Oficiales Fase de Gr'!$D$19,'Pollas Fase de Grupos'!AC6,'Resultados Oficiales Fase de Gr'!$E$19,Z6,'Resultados Oficiales Fase de Gr'!$G$19) -> 0 | AB6: =IF('Pollas Fase de Grupos'!AD6>'Pollas Fase de Grupos'!AE6,'Pollas Fase de Grupos'!$AD$2,IF('Pollas Fase de Grupos'!AE6>'Pollas Fase de Grupos'!AD6,'Pollas Fase de Grupos'!$AE$2,"EMPATE")) -> Mexico | AC6: =PUNTAJE_GANADORES('Pollas Fase de Grupos'!AD6,'Resultados Oficiales Fase de Gr'!$D$20,'Pollas Fase de Grupos'!AE6,'Resultados Oficiales Fase de Gr'!$E$20,AB6,'Resultados Oficiales Fase de Gr'!$G$20) -> 1 | AD6: =IF('Pollas Fase de Grupos'!AF6>'Pollas Fase de Grupos'!AG6,'Pollas Fase de Grupos'!$AF$2,IF('Pollas Fase de Grupos'!AG6>'Pollas Fase de Grupos'!AF6,'Pollas Fase de Grupos'!$AG$2,"EMPATE")) -> Argentina | AE6: =PUNTAJE_GANADORES('Pollas Fase de Grupos'!AF6,'Resultados Oficiales Fase de Gr'!$D$21,'Pollas Fase de Grupos'!AG6,'Resultados Oficiales Fase de Gr'!$E$21,AD6,'Resultados Oficiales Fase de Gr'!$G$21) -> 5 | AF6: =IF('Pollas Fase de Grupos'!AH6>'Pollas Fase de Grupos'!AI6,'Pollas Fase de Grupos'!$AH$2,IF('Pollas Fase de Grupos'!AI6>'Pollas Fase de Grupos'!AH6,'Pollas Fase de Grupos'!$AI$2,"EMPATE")) -> Polonia | AG6: =PUNTAJE_GANADORES('Pollas Fase de Grupos'!AH6,'Resultados Oficiales Fase de Gr'!$D$22,'Pollas Fase de Grupos'!AI6,'Resultados Oficiales Fase de Gr'!$E$22,AF6,'Resultados Oficiales Fase de Gr'!$G$22) -> 5 | AH6: =IF('Pollas Fase de Grupos'!AJ6>'Pollas Fase de Grupos'!AK6,'Pollas Fase de Grupos'!$AJ$2,IF('Pollas Fase de Grupos'!AK6>'Pollas Fase de Grupos'!AJ6,'Pollas Fase de Grupos'!$AK$2,"EMPATE")) -> Argentina | AI6: =PUNTAJE_GANADORES('Pollas Fase de Grupos'!AJ6,'Resultados Oficiales Fase de Gr'!$D$23,'Pollas Fase de Grupos'!AK6,'Resultados Oficiales Fase de Gr'!$E$23,AH6,'Resultados Oficiales Fase de Gr'!$G$23) -> 2 | AJ6: =IF('Pollas Fase de Grupos'!AL6>'Pollas Fase de Grupos'!AM6,'Pollas Fase de Grupos'!$AL$2,IF('Pollas Fase de Grupos'!AM6>'Pollas Fase de Grupos'!AL6,'Pollas Fase de Grupos'!$AM$2,"EMPATE")) -> Mexico | AK6: =PUNTAJE_GANADORES('Pollas Fase de Grupos'!AL6,'Resultados Oficiales Fase de Gr'!$D$24,'Pollas Fase de Grupos'!AM6,'Resultados Oficiales Fase de Gr'!$E$24,AJ6,'Resultados Oficiales Fase de Gr'!$G$24) -> 5 | AL6: =IF('Pollas Fase de Grupos'!AN6>'Pollas Fase de Grupos'!AO6,'Pollas Fase de Grupos'!$AN$2,IF('Pollas Fase de Grupos'!AO6>'Pollas Fase de Grupos'!AN6,'Pollas Fase de Grupos'!$AO$2,"EMPATE")) -> Francia | AM6: =PUNTAJE_GANADORES('Pollas Fase de Grupos'!AN6,'Resultados Oficiales Fase de Gr'!$D$27,'Pollas Fase de Grupos'!AO6,'Resultados Oficiales Fase de Gr'!$E$27,AL6,'Resultados Oficiales Fase de Gr'!$G$27) -> 3 | AN6: =IF('Pollas Fase de Grupos'!AP6>'Pollas Fase de Grupos'!AQ6,'Pollas Fase de Grupos'!$AP$2,IF('Pollas Fase de Grupos'!AQ6>'Pollas Fase de Grupos'!AP6,'Pollas Fase de Grupos'!$AQ$2,"EMPATE")) -> Dinamarca | AO6: =PUNTAJE_GANADORES('Pollas Fase de Grupos'!AP6,'Resultados Oficiales Fase de Gr'!$D$28,'Pollas Fase de Grupos'!AQ6,'Resultados Oficiales Fase de Gr'!$E$28,AN6,'Resultados Oficiales Fase de Gr'!$G$28) -> 1 | AP6: =IF('Pollas Fase de Grupos'!AR6>'Pollas Fase de Grupos'!AS6,'Pollas Fase de Grupos'!$AR$2,IF('Pollas Fase de Grupos'!AS6>'Pollas Fase de Grupos'!AR6,'Pollas Fase de Grupos'!$AS$2,"EMPATE")) -> EMPATE | AQ6: =PUNTAJE_GANADORES('Pollas Fase de Grupos'!AR6,'Resultados Oficiales Fase de Gr'!$D$29,'Pollas Fase de Grupos'!AS6,'Resultados Oficiales Fase de Gr'!$E$29,AP6,'Resultados Oficiales Fase de Gr'!$G$29) -> 1 | AR6: =IF('Pollas Fase de Grupos'!AT6>'Pollas Fase de Grupos'!AU6,'Pollas Fase de Grupos'!$AT$2,IF('Pollas Fase de Grupos'!AU6>'Pollas Fase de Grupos'!AT6,'Pollas Fase de Grupos'!$AU$2,"EMPATE")) -> EMPATE | AS6: =PUNTAJE_GANADORES('Pollas Fase de Grupos'!AT6,'Resultados Oficiales Fase de Gr'!$D$30,'Pollas Fase de Grupos'!AU6,'Resultados Oficiales Fase de Gr'!$E$30,AR6,'Resultados Oficiales Fase de Gr'!$G$30) -> 1 | AT6: =IF('Pollas Fase de Grupos'!AV6>'Pollas Fase de Grupos'!AW6,'Pollas Fase de Grupos'!$AV$2,IF('Pollas Fase de Grupos'!AW6>'Pollas Fase de Grupos'!AV6,'Pollas Fase de Grupos'!$AW$2,"EMPATE")) -> Francia | AU6: =PUNTAJE_GANADORES('Pollas Fase de Grupos'!AV6,'Resultados Oficiales Fase de Gr'!$D$31,'Pollas Fase de Grupos'!AW6,'Resultados Oficiales Fase de Gr'!$E$31,AT6,'Resultados Oficiales Fase de Gr'!$G$31) -> 1 | AV6: =IF('Pollas Fase de Grupos'!AX6>'Pollas Fase de Grupos'!AY6,'Pollas Fase de Grupos'!$AX$2,IF('Pollas Fase de Grupos'!AY6>'Pollas Fase de Grupos'!AX6,'Pollas Fase de Grupos'!$AY$2,"EMPATE")) -> Dinamarca | AW6: =PUNTAJE_GANADORES('Pollas Fase de Grupos'!AX6,'Resultados Oficiales Fase de Gr'!$D$32,'Pollas Fase de Grupos'!AY6,'Resultados Oficiales Fase de Gr'!$E$32,AV6,'Resultados Oficiales Fase de Gr'!$G$32) -> 1 | AX6: =IF('Pollas Fase de Grupos'!AZ6>'Pollas Fase de Grupos'!BA6,'Pollas Fase de Grupos'!$AZ$2,IF('Pollas Fase de Grupos'!BA6>'Pollas Fase de Grupos'!AZ6,'Pollas Fase de Grupos'!$BA$2,"EMPATE")) -> España | AY6: =PUNTAJE_GANADORES('Pollas Fase de Grupos'!AZ6,'Resultados Oficiales Fase de Gr'!$D$35,'Pollas Fase de Grupos'!BA6,'Resultados Oficiales Fase de Gr'!$E$35,AX6,'Resultados Oficiales Fase de Gr'!$G$35) -> 0 | AZ6: =IF('Pollas Fase de Grupos'!BB6>'Pollas Fase de Grupos'!BC6,'Pollas Fase de Grupos'!$BB$2,IF('Pollas Fase de Grupos'!BC6>'Pollas Fase de Grupos'!BB6,'Pollas Fase de Grupos'!$BC$2,"EMPATE")) -> Alemania | BA6: =PUNTAJE_GANADORES('Pollas Fase de Grupos'!BB6,'Resultados Oficiales Fase de Gr'!$D$36,'Pollas Fase de Grupos'!BC6,'Resultados Oficiales Fase de Gr'!$E$36,AZ6,'Resultados Oficiales Fase de Gr'!$G$36) -> 0 | BB6: =IF('Pollas Fase de Grupos'!BD6>'Pollas Fase de Grupos'!BE6,'Pollas Fase de Grupos'!$BD$2,IF('Pollas Fase de Grupos'!BE6>'Pollas Fase de Grupos'!BD6,'Pollas Fase de Grupos'!$BE$2,"EMPATE")) -> España | BC6: =PUNTAJE_GANADORES('Pollas Fase de Grupos'!BD6,'Resultados Oficiales Fase de Gr'!$D$37,'Pollas Fase de Grupos'!BE6,'Resultados Oficiales Fase de Gr'!$E$37,BB6,'Resultados Oficiales Fase de Gr'!$G$37) -> 1 | BD6: =IF('Pollas Fase de Grupos'!BF6>'Pollas Fase de Grupos'!BG6,'Pollas Fase de Grupos'!$BF$2,IF('Pollas Fase de Grupos'!BG6>'Pollas Fase de Grupos'!BF6,'Pollas Fase de Grupos'!$BG$2,"EMPATE")) -> EMPATE | BE6: =PUNTAJE_GANADORES('Pollas Fase de Grupos'!BF6,'Resultados Oficiales Fase de Gr'!$D$38,'Pollas Fase de Grupos'!BG6,'Resultados Oficiales Fase de Gr'!$E$38,BD6,'Resultados Oficiales Fase de Gr'!$G$38) -> 1 | BF6: =IF('Pollas Fase de Grupos'!BH6>'Pollas Fase de Grupos'!BI6,'Pollas Fase de Grupos'!$BH$2,IF('Pollas Fase de Grupos'!BI6>'Pollas Fase de Grupos'!BH6,'Pollas Fase de Grupos'!$BI$2,"EMPATE")) -> España | BG6: =PUNTAJE_GANADORES('Pollas Fase de Grupos'!BH6,'Resultados Oficiales Fase de Gr'!$D$39,'Pollas Fase de Grupos'!BI6,'Resultados Oficiales Fase de Gr'!$E$39,BF6,'Resultados Oficiales Fase de Gr'!$G$39) -> 1 | BH6: =IF('Pollas Fase de Grupos'!BJ6>'Pollas Fase de Grupos'!BK6,'Pollas Fase de Grupos'!$BJ$2,IF('Pollas Fase de Grupos'!BK6>'Pollas Fase de Grupos'!BJ6,'Pollas Fase de Grupos'!$BK$2,"EMPATE")) -> Alemania | BI6: =PUNTAJE_GANADORES('Pollas Fase de Grupos'!BJ6,'Resultados Oficiales Fase de Gr'!$D$40,'Pollas Fase de Grupos'!BK6,'Resultados Oficiales Fase de Gr'!$E$40,BH6,'Resultados Oficiales Fase de Gr'!$G$40) -> 2 | BJ6: =IF('Pollas Fase de Grupos'!BL6>'Pollas Fase de Grupos'!BM6,'Pollas Fase de Grupos'!$BL$2,IF('Pollas Fase de Grupos'!BM6>'Pollas Fase de Grupos'!BL6,'Pollas Fase de Grupos'!$BM$2,"EMPATE")) -> Belgica | BK6: =PUNTAJE_GANADORES('Pollas Fase de Grupos'!BL6,'Resultados Oficiales Fase de Gr'!$D$43,'Pollas Fase de Grupos'!BM6,'Resultados Oficiales Fase de Gr'!$E$43,BJ6,'Resultados Oficiales Fase de Gr'!$G$43) -> 3 | BL6: =IF('Pollas Fase de Grupos'!BN6>'Pollas Fase de Grupos'!BO6,'Pollas Fase de Grupos'!$BN$2,IF('Pollas Fase de Grupos'!BO6>'Pollas Fase de Grupos'!BN6,'Pollas Fase de Grupos'!$BO$2,"EMPATE")) -> Croacia | BM6: =PUNTAJE_GANADORES('Pollas Fase de Grupos'!BN6,'Resultados Oficiales Fase de Gr'!$D$44,'Pollas Fase de Grupos'!BO6,'Resultados Oficiales Fase de Gr'!$E$44,BL6,'Resultados Oficiales Fase de Gr'!$G$44) -> 0 | BN6: =IF('Pollas Fase de Grupos'!BP6>'Pollas Fase de Grupos'!BQ6,'Pollas Fase de Grupos'!$BP$2,IF('Pollas Fase de Grupos'!BQ6>'Pollas Fase de Grupos'!BP6,'Pollas Fase de Grupos'!$BQ$2,"EMPATE")) -> Belgica | BO6: =PUNTAJE_GANADORES('Pollas Fase de Grupos'!BP6,'Resultados Oficiales Fase de Gr'!$D$45,'Pollas Fase de Grupos'!BQ6,'Resultados Oficiales Fase de Gr'!$E$45,BN6,'Resultados Oficiales Fase de Gr'!$G$45) -> 0 | BP6: =IF('Pollas Fase de Grupos'!BR6>'Pollas Fase de Grupos'!BS6,'Pollas Fase de Grupos'!$BR$2,IF('Pollas Fase de Grupos'!BS6>'Pollas Fase de Grupos'!BR6,'Pollas Fase de Grupos'!$BS$2,"EMPATE")) -> EMPATE | BQ6: =PUNTAJE_GANADORES('Pollas Fase de Grupos'!BR6,'Resultados Oficiales Fase de Gr'!$D$46,'Pollas Fase de Grupos'!BS6,'Resultados Oficiales Fase de Gr'!$E$46,BP6,'Resultados Oficiales Fase de Gr'!$G$46) -> 1 | BR6: =IF('Pollas Fase de Grupos'!BT6>'Pollas Fase de Grupos'!BU6,'Pollas Fase de Grupos'!$BT$2,IF('Pollas Fase de Grupos'!BU6>'Pollas Fase de Grupos'!BT6,'Pollas Fase de Grupos'!$BU$2,"EMPATE")) -> Belgica | BS6: =PUNTAJE_GANADORES('Pollas Fase de Grupos'!BT6,'Resultados Oficiales Fase de Gr'!$D$47,'Pollas Fase de Grupos'!BU6,'Resultados Oficiales Fase de Gr'!$E$47,BR6,'Resultados Oficiales Fase de Gr'!$G$47) -> 0 | BT6: =IF('Pollas Fase de Grupos'!BV6>'Pollas Fase de Grupos'!BW6,'Pollas Fase de Grupos'!$BV$2,IF('Pollas Fase de Grupos'!BW6>'Pollas Fase de Grupos'!BV6,'Pollas Fase de Grupos'!$BW$2,"EMPATE")) -> EMPATE | BU6: =PUNTAJE_GANADORES('Pollas Fase de Grupos'!BV6,'Resultados Oficiales Fase de Gr'!$D$48,'Pollas Fase de Grupos'!BW6,'Resultados Oficiales Fase de Gr'!$E$48,BT6,'Resultados Oficiales Fase de Gr'!$G$48) -> 1 | BV6: =IF('Pollas Fase de Grupos'!BX6>'Pollas Fase de Grupos'!BY6,'Pollas Fase de Grupos'!$BX$2,IF('Pollas Fase de Grupos'!BY6>'Pollas Fase de Grupos'!BX6,'Pollas Fase de Grupos'!$BY$2,"EMPATE")) -> EMPATE | BW6: =PUNTAJE_GANADORES('Pollas Fase de Grupos'!BX6,'Resultados Oficiales Fase de Gr'!$D$51,'Pollas Fase de Grupos'!BY6,'Resultados Oficiales Fase de Gr'!$E$51,BV6,'Resultados Oficiales Fase de Gr'!$G$51) -> 0 | BX6: =IF('Pollas Fase de Grupos'!BZ6>'Pollas Fase de Grupos'!CA6,'Pollas Fase de Grupos'!$BZ$2,IF('Pollas Fase de Grupos'!CA6>'Pollas Fase de Grupos'!BZ6,'Pollas Fase de Grupos'!$CA$2,"EMPATE")) -> EMPATE | BY6: =PUNTAJE_GANADORES('Pollas Fase de Grupos'!BZ6,'Resultados Oficiales Fase de Gr'!$D$52,'Pollas Fase de Grupos'!CA6,'Resultados Oficiales Fase de Gr'!$E$52,BX6,'Resultados Oficiales Fase de Gr'!$G$52) -> 1 | BZ6: =IF('Pollas Fase de Grupos'!CB6>'Pollas Fase de Grupos'!CC6,'Pollas Fase de Grupos'!$CB$2,IF('Pollas Fase de Grupos'!CC6>'Pollas Fase de Grupos'!CB6,'Pollas Fase de Grupos'!$CC$2,"EMPATE")) -> Brasil | CA6: =PUNTAJE_GANADORES('Pollas Fase de Grupos'!CB6,'Resultados Oficiales Fase de Gr'!$D$53,'Pollas Fase de Grupos'!CC6,'Resultados Oficiales Fase de Gr'!$E$53,BZ6,'Resultados Oficiales Fase de Gr'!$G$53) -> 3 | CB6: =IF('Pollas Fase de Grupos'!CD6>'Pollas Fase de Grupos'!CE6,'Pollas Fase de Grupos'!$CD$2,IF('Pollas Fase de Grupos'!CE6>'Pollas Fase de Grupos'!CD6,'Pollas Fase de Grupos'!$CE$2,"EMPATE")) -> Camerun | CC6: =PUNTAJE_GANADORES('Pollas Fase de Grupos'!CD6,'Resultados Oficiales Fase de Gr'!$D$54,'Pollas Fase de Grupos'!CE6,'Resultados Oficiales Fase de Gr'!$E$54,CB6,'Resultados Oficiales Fase de Gr'!$G$54) -> 0 | CD6: =IF('Pollas Fase de Grupos'!CF6>'Pollas Fase de Grupos'!CG6,'Pollas Fase de Grupos'!$CF$2,IF('Pollas Fase de Grupos'!CG6>'Pollas Fase de Grupos'!CF6,'Pollas Fase de Grupos'!$CG$2,"EMPATE")) -> EMPATE | CE6: =PUNTAJE_GANADORES('Pollas Fase de Grupos'!CF6,'Resultados Oficiales Fase de Gr'!$D$55,'Pollas Fase de Grupos'!CG6,'Resultados Oficiales Fase de Gr'!$E$55,CD6,'Resultados Oficiales Fase de Gr'!$G$55) -> 1 | CF6: =IF('Pollas Fase de Grupos'!CH6>'Pollas Fase de Grupos'!CI6,'Pollas Fase de Grupos'!$CH$2,IF('Pollas Fase de Grupos'!CI6>'Pollas Fase de Grupos'!CH6,'Pollas Fase de Grupos'!$CI$2,"EMPATE")) -> Serbia | CG6: =PUNTAJE_GANADORES('Pollas Fase de Grupos'!CH6,'Resultados Oficiales Fase de Gr'!$D$56,'Pollas Fase de Grupos'!CI6,'Resultados Oficiales Fase de Gr'!$E$56,CF6,'Resultados Oficiales Fase de Gr'!$G$56) -> 1 | CH6: =IF('Pollas Fase de Grupos'!CJ6>'Pollas Fase de Grupos'!CK6,'Pollas Fase de Grupos'!$CJ$2,IF('Pollas Fase de Grupos'!CK6>'Pollas Fase de Grupos'!CJ6,'Pollas Fase de Grupos'!$CK$2,"EMPATE")) -> Portugal | CI6: =PUNTAJE_GANADORES('Pollas Fase de Grupos'!CJ6,'Resultados Oficiales Fase de Gr'!$D$59,'Pollas Fase de Grupos'!CK6,'Resultados Oficiales Fase de Gr'!$E$59,CH6,'Resultados Oficiales Fase de Gr'!$G$59) -> 2 | CJ6: =IF('Pollas Fase de Grupos'!CL6>'Pollas Fase de Grupos'!CM6,'Pollas Fase de Grupos'!$CL$2,IF('Pollas Fase de Grupos'!CM6>'Pollas Fase de Grupos'!CL6,'Pollas Fase de Grupos'!$CM$2,"EMPATE")) -> Uruguay | CK6: =PUNTAJE_GANADORES('Pollas Fase de Grupos'!CL6,'Resultados Oficiales Fase de Gr'!$D$60,'Pollas Fase de Grupos'!CM6,'Resultados Oficiales Fase de Gr'!$E$60,CJ6,'Resultados Oficiales Fase de Gr'!$G$60) -> 0 | CL6: =IF('Pollas Fase de Grupos'!CN6>'Pollas Fase de Grupos'!CO6,'Pollas Fase de Grupos'!$CN$2,IF('Pollas Fase de Grupos'!CO6>'Pollas Fase de Grupos'!CN6,'Pollas Fase de Grupos'!$CO$2,"EMPATE")) -> Uruguay | CM6: =PUNTAJE_GANADORES('Pollas Fase de Grupos'!CN6,'Resultados Oficiales Fase de Gr'!$D$61,'Pollas Fase de Grupos'!CO6,'Resultados Oficiales Fase de Gr'!$E$61,CL6,'Resultados Oficiales Fase de Gr'!$G$61) -> 0 | CN6: =IF('Pollas Fase de Grupos'!CP6>'Pollas Fase de Grupos'!CQ6,'Pollas Fase de Grupos'!$CP$2,IF('Pollas Fase de Grupos'!CQ6>'Pollas Fase de Grupos'!CP6,'Pollas Fase de Grupos'!$CQ$2,"EMPATE")) -> Ghana | CO6: =PUNTAJE_GANADORES('Pollas Fase de Grupos'!CP6,'Resultados Oficiales Fase de Gr'!$D$62,'Pollas Fase de Grupos'!CQ6,'Resultados Oficiales Fase de Gr'!$E$62,CN6,'Resultados Oficiales Fase de Gr'!$G$62) -> 2 | CP6: =IF('Pollas Fase de Grupos'!CR6>'Pollas Fase de Grupos'!CS6,'Pollas Fase de Grupos'!$CR$2,IF('Pollas Fase de Grupos'!CS6>'Pollas Fase de Grupos'!CR6,'Pollas Fase de Grupos'!$CS$2,"EMPATE")) -> Portugal | CQ6: =PUNTAJE_GANADORES('Pollas Fase de Grupos'!CR6,'Resultados Oficiales Fase de Gr'!$D$63,'Pollas Fase de Grupos'!CS6,'Resultados Oficiales Fase de Gr'!$E$63,CP6,'Resultados Oficiales Fase de Gr'!$G$63) -> 0 | CR6: =IF('Pollas Fase de Grupos'!CT6>'Pollas Fase de Grupos'!CU6,'Pollas Fase de Grupos'!$CT$2,IF('Pollas Fase de Grupos'!CU6>'Pollas Fase de Grupos'!CT6,'Pollas Fase de Grupos'!$CU$2,"EMPATE")) -> Uruguay | CS6: =PUNTAJE_GANADORES('Pollas Fase de Grupos'!CT6,'Resultados Oficiales Fase de Gr'!$D$64,'Pollas Fase de Grupos'!CU6,'Resultados Oficiales Fase de Gr'!$E$64,CR6,'Resultados Oficiales Fase de Gr'!$G$64) -> 3 | CT6: =SUM(CS6,CQ6,CO6,CM6,CK6,CI6,CG6,CE6,CC6,CA6,BY6,BW6,BU6,BS6,BQ6,BO6,BM6,BK6,BI6,BG6,BE6,BC6,BA6,AY6,AW6,AU6,AS6,AQ6,AO6,AM6,AK6,AI6,AG6,AE6,AC6,AA6,Y6,W6,U6,S6,Q6,O6,M6,K6,I6,G6,E6,C6) -> 70 | CU6: 47 | CV6: =SUM(CU6,K6,M6,W6,Y6,AW6,AU6,AI6,AK6,BS6,BU6,BG6,BI6,CS6,CQ6,CG6,CE6) -> 73
A7: ='Pollas Fase de Grupos'!CV7 -> Emerson Alexis Gomez | B7: =IF('Pollas Fase de Grupos'!D7>'Pollas Fase de Grupos'!E7,'Pollas Fase de Grupos'!$D$2,IF('Pollas Fase de Grupos'!E7>'Pollas Fase de Grupos'!D7,'Pollas Fase de Grupos'!$E$2,"EMPATE")) -> Ecuador | C7: =PUNTAJE_GANADORES('Pollas Fase de Grupos'!D7,'Resultados Oficiales Fase de Gr'!$D$3,'Pollas Fase de Grupos'!E7,'Resultados Oficiales Fase de Gr'!$E$3,B7,'Resultados Oficiales Fase de Gr'!$G$3) -> 5 | D7: =IF('Pollas Fase de Grupos'!F7>'Pollas Fase de Grupos'!G7,'Pollas Fase de Grupos'!$F$2,IF('Pollas Fase de Grupos'!G7>'Pollas Fase de Grupos'!F7,'Pollas Fase de Grupos'!$G$2,"EMPATE")) -> Paises Bajos | E7: =PUNTAJE_GANADORES('Pollas Fase de Grupos'!F7,'Resultados Oficiales Fase de Gr'!$D$4,'Pollas Fase de Grupos'!G7,'Resultados Oficiales Fase de Gr'!$E$4,D7,'Resultados Oficiales Fase de Gr'!$G$4) -> 3 | F7: =IF('Pollas Fase de Grupos'!H7>'Pollas Fase de Grupos'!I7,'Pollas Fase de Grupos'!$H$2,IF('Pollas Fase de Grupos'!I7>'Pollas Fase de Grupos'!H7,'Pollas Fase de Grupos'!$I$2,"EMPATE")) -> Senegal | G7: =PUNTAJE_GANADORES('Pollas Fase de Grupos'!H7,'Resultados Oficiales Fase de Gr'!$D$5,'Pollas Fase de Grupos'!I7,'Resultados Oficiales Fase de Gr'!$E$5,F7,'Resultados Oficiales Fase de Gr'!$G$5) -> 3 | H7: =IF('Pollas Fase de Grupos'!J7>'Pollas Fase de Grupos'!K7,'Pollas Fase de Grupos'!$J$2,IF('Pollas Fase de Grupos'!K7>'Pollas Fase de Grupos'!J7,'Pollas Fase de Grupos'!$K$2,"EMPATE")) -> EMPATE | I7: =PUNTAJE_GANADORES('Pollas Fase de Grupos'!J7,'Resultados Oficiales Fase de Gr'!$D$6,'Pollas Fase de Grupos'!K7,'Resultados Oficiales Fase de Gr'!$E$6,H7,'Resultados Oficiales Fase de Gr'!$G$6) -> 1 | J7: =IF('Pollas Fase de Grupos'!L7>'Pollas Fase de Grupos'!M7,'Pollas Fase de Grupos'!$L$2,IF('Pollas Fase de Grupos'!M7>'Pollas Fase de Grupos'!L7,'Pollas Fase de Grupos'!$M$2,"EMPATE")) -> Paises Bajos | K7: =PUNTAJE_GANADORES('Pollas Fase de Grupos'!L7,'Resultados Oficiales Fase de Gr'!$D$7,'Pollas Fase de Grupos'!M7,'Resultados Oficiales Fase de Gr'!$E$7,J7,'Resultados Oficiales Fase de Gr'!$G$7) -> 5 | L7: =IF('Pollas Fase de Grupos'!N7>'Pollas Fase de Grupos'!O7,'Pollas Fase de Grupos'!$N$2,IF('Pollas Fase de Grupos'!O7>'Pollas Fase de Grupos'!N7,'Pollas Fase de Grupos'!$O$2,"EMPATE")) -> Senegal | M7: =PUNTAJE_GANADORES('Pollas Fase de Grupos'!N7,'Resultados Oficiales Fase de Gr'!$D$8,'Pollas Fase de Grupos'!O7,'Resultados Oficiales Fase de Gr'!$E$8,L7,'Resultados Oficiales Fase de Gr'!$G$8) -> 2 | N7: =IF('Pollas Fase de Grupos'!P7>'Pollas Fase de Grupos'!Q7,'Pollas Fase de Grupos'!$P$2,IF('Pollas Fase de Grupos'!Q7>'Pollas Fase de Grupos'!P7,'Pollas Fase de Grupos'!$Q$2,"EMPATE")) -> Inglaterra | O7: =PUNTAJE_GANADORES('Pollas Fase de Grupos'!P7,'Resultados Oficiales Fase de Gr'!$D$11,'Pollas Fase de Grupos'!Q7,'Resultados Oficiales Fase de Gr'!$E$11,N7,'Resultados Oficiales Fase de Gr'!$G$11) -> 2 | P7: =IF('Pollas Fase de Grupos'!R7>'Pollas Fase de Grupos'!S7,'Pollas Fase de Grupos'!$R$2,IF('Pollas Fase de Grupos'!S7>'Pollas Fase de Grupos'!R7,'Pollas Fase de Grupos'!$S$2,"EMPATE")) -> Estados Unidos | Q7: =PUNTAJE_GANADORES('Pollas Fase de Grupos'!R7,'Resultados Oficiales Fase de Gr'!$D$12,'Pollas Fase de Grupos'!S7,'Resultados Oficiales Fase de Gr'!$E$12,P7,'Resultados Oficiales Fase de Gr'!$G$12) -> 1 | R7: =IF('Pollas Fase de Grupos'!T7>'Pollas Fase de Grupos'!U7,'Pollas Fase de Grupos'!$T$2,IF('Pollas Fase de Grupos'!U7>'Pollas Fase de Grupos'!T7,'Pollas Fase de Grupos'!$U$2,"EMPATE")) -> Inglaterra | S7: =PUNTAJE_GANADORES('Pollas Fase de Grupos'!T7,'Resultados Oficiales Fase de Gr'!$D$13,'Pollas Fase de Grupos'!U7,'Resultados Oficiales Fase de Gr'!$E$13,R7,'Resultados Oficiales Fase de Gr'!$G$13) -> 0 | T7: =IF('Pollas Fase de Grupos'!V7>'Pollas Fase de Grupos'!W7,'Pollas Fase de Grupos'!$V$2,IF('Pollas Fase de Grupos'!W7>'Pollas Fase de Grupos'!V7,'Pollas Fase de Grupos'!$W$2,"EMPATE")) -> Gales | U7: =PUNTAJE_GANADORES('Pollas Fase de Grupos'!V7,'Resultados Oficiales Fase de Gr'!$D$14,'Pollas Fase de Grupos'!W7,'Resultados Oficiales Fase de Gr'!$E$14,T7,'Resultados Oficiales Fase de Gr'!$G$14) -> 0 | V7: =IF('Pollas Fase de Grupos'!X7>'Pollas Fase de Grupos'!Y7,'Pollas Fase de Grupos'!$X$2,IF('Pollas Fase de Grupos'!Y7>'Pollas Fase de Grupos'!X7,'Pollas Fase de Grupos'!$Y$2,"EMPATE")) -> Inglaterra | W7: =PUNTAJE_GANADORES('Pollas Fase de Grupos'!X7,'Resultados Oficiales Fase de Gr'!$D$15,'Pollas Fase de Grupos'!Y7,'Resultados Oficiales Fase de Gr'!$E$15,V7,'Resultados Oficiales Fase de Gr'!$G$15) -> 5 | X7: =IF('Pollas Fase de Grupos'!Z7>'Pollas Fase de Grupos'!AA7,'Pollas Fase de Grupos'!$Z$2,IF('Pollas Fase de Grupos'!AA7>'Pollas Fase de Grupos'!Z7,'Pollas Fase de Grupos'!$AA$2,"EMPATE")) -> EMPATE | Y7: =PUNTAJE_GANADORES('Pollas Fase de Grupos'!Z7,'Resultados Oficiales Fase de Gr'!$D$16,'Pollas Fase de Grupos'!AA7,'Resultados Oficiales Fase de Gr'!$E$16,X7,'Resultados Oficiales Fase de Gr'!$G$16) -> 1 | Z7: =IF('Pollas Fase de Grupos'!AB7>'Pollas Fase de Grupos'!AC7,'Pollas Fase de Grupos'!$AB$2,IF('Pollas Fase de Grupos'!AC7>'Pollas Fase de Grupos'!AB7,'Pollas Fase de Grupos'!$AC$2,"EMPATE")) -> Argentina | AA7: =PUNTAJE_GANADORES('Pollas Fase de Grupos'!AB7,'Resultados Oficiales Fase de Gr'!$D$19,'Pollas Fase de Grupos'!AC7,'Resultados Oficiales Fase de Gr'!$E$19,Z7,'Resultados Oficiales Fase de Gr'!$G$19) -> 0 | AB7: =IF('Pollas Fase de Grupos'!AD7>'Pollas Fase de Grupos'!AE7,'Pollas Fase de Grupos'!$AD$2,IF('Pollas Fase de Grupos'!AE7>'Pollas Fase de Grupos'!AD7,'Pollas Fase de Grupos'!$AE$2,"EMPATE")) -> EMPATE | AC7: =PUNTAJE_GANADORES('Pollas Fase de Grupos'!AD7,'Resultados Oficiales Fase de Gr'!$D$20,'Pollas Fase de Grupos'!AE7,'Resultados Oficiales Fase de Gr'!$E$20,AB7,'Resultados Oficiales Fase de Gr'!$G$20) -> 1 | AD7: =IF('Pollas Fase de Grupos'!AF7>'Pollas Fase de Grupos'!AG7,'Pollas Fase de Grupos'!$AF$2,IF('Pollas Fase de Grupos'!AG7>'Pollas Fase de Grupos'!AF7,'Pollas Fase de Grupos'!$AG$2,"EMPATE")) -> Argentina | AE7: =PUNTAJE_GANADORES('Pollas Fase de Grupos'!AF7,'Resultados Oficiales Fase de Gr'!$D$21,'Pollas Fase de Grupos'!AG7,'Resultados Oficiales Fase de Gr'!$E$21,AD7,'Resultados Oficiales Fase de Gr'!$G$21) -> 2 | AF7: =IF('Pollas Fase de Grupos'!AH7>'Pollas Fase de Grupos'!AI7,'Pollas Fase de Grupos'!$AH$2,IF('Pollas Fase de Grupos'!AI7>'Pollas Fase de Grupos'!AH7,'Pollas Fase de Grupos'!$AI$2,"EMPATE")) -> Polonia | AG7: =PUNTAJE_GANADORES('Pollas Fase de Grupos'!AH7,'Resultados Oficiales Fase de Gr'!$D$22,'Pollas Fase de Grupos'!AI7,'Resultados Oficiales Fase de Gr'!$E$22,AF7,'Resultados Oficiales Fase de Gr'!$G$22) -> 5 | AH7: =IF('Pollas Fase de Grupos'!AJ7>'Pollas Fase de Grupos'!AK7,'Pollas Fase de Grupos'!$AJ$2,IF('Pollas Fase de Grupos'!AK7>'Pollas Fase de Grupos'!AJ7,'Pollas Fase de Grupos'!$AK$2,"EMPATE")) -> EMPATE | AI7: =PUNTAJE_GANADORES('Pollas Fase de Grupos'!AJ7,'Resultados Oficiales Fase de Gr'!$D$23,'Pollas Fase de Grupos'!AK7,'Resultados Oficiales Fase de Gr'!$E$23,AH7,'Resultados Oficiales Fase de Gr'!$G$23) -> 1 | AJ7: =IF('Pollas Fase de Grupos'!AL7>'Pollas Fase de Grupos'!AM7,'Pollas Fase de Grupos'!$AL$2,IF('Pollas Fase de Grupos'!AM7>'Pollas Fase de Grupos'!AL7,'Pollas Fase de Grupos'!$AM$2,"EMPATE")) -> EMPATE | AK7: =PUNTAJE_GANADORES('Pollas Fase de Grupos'!AL7,'Resultados Oficiales Fase de Gr'!$D$24,'Pollas Fase de Grupos'!AM7,'Resultados Oficiales Fase de Gr'!$E$24,AJ7,'Resultados Oficiales Fase de Gr'!$G$24) -> 1 | AL7: =IF('Pollas Fase de Grupos'!AN7>'Pollas Fase de Grupos'!AO7,'Pollas Fase de Grupos'!$AN$2,IF('Pollas Fase de Grupos'!AO7>'Pollas Fase de Grupos'!AN7,'Pollas Fase de Grupos'!$AO$2,"EMPATE")) -> Francia | AM7: =PUNTAJE_GANADORES('Pollas Fase de Grupos'!AN7,'Resultados Oficiales Fase de Gr'!$D$27,'Pollas Fase de Grupos'!AO7,'Resultados Oficiales Fase de Gr'!$E$27,AL7,'Resultados Oficiales Fase de Gr'!$G$27) -> 3 | AN7: =IF('Pollas Fase de Grupos'!AP7>'Pollas Fase de Grupos'!AQ7,'Pollas Fase de Grupos'!$AP$2,IF('Pollas Fase de Grupos'!AQ7>'Pollas Fase de Grupos'!AP7,'Pollas Fase de Grupos'!$AQ$2,"EMPATE")) -> Dinamarca | AO7: =PUNTAJE_GANADORES('Pollas Fase de Grupos'!AP7,'Resultados Oficiales Fase de Gr'!$D$28,'Pollas Fase de Grupos'!AQ7,'Resultados Oficiales Fase de Gr'!$E$28,AN7,'Resultados Oficiales Fase de Gr'!$G$28) -> 1 | AP7: =IF('Pollas Fase de Grupos'!AR7>'Pollas Fase de Grupos'!AS7,'Pollas Fase de Grupos'!$AR$2,IF('Pollas Fase de Grupos'!AS7>'Pollas Fase de Grupos'!AR7,'Pollas Fase de Grupos'!$AS$2,"EMPATE")) -> Francia | AQ7: =PUNTAJE_GANADORES('Pollas Fase de Grupos'!AR7,'Resultados Oficiales Fase de Gr'!$D$29,'Pollas Fase de Grupos'!AS7,'Resultados Oficiales Fase de Gr'!$E$29,AP7,'Resultados Oficiales Fase de Gr'!$G$29) -> 3 | AR7: =IF('Pollas Fase de Grupos'!AT7>'Pollas Fase de Grupos'!AU7,'Pollas Fase de Grupos'!$AT$2,IF('Pollas Fase de Grupos'!AU7>'Pollas Fase de Grupos'!AT7,'Pollas Fase de Grupos'!$AU$2,"EMPATE")) -> EMPATE | AS7: =PUNTAJE_GANADORES('Pollas Fase de Grupos'!AT7,'Resultados Oficiales Fase de Gr'!$D$30,'Pollas Fase de Grupos'!AU7,'Resultados Oficiales Fase de Gr'!$E$30,AR7,'Resultados Oficiales Fase de Gr'!$G$30) -> 1 | AT7: =IF('Pollas Fase de Grupos'!AV7>'Pollas Fase de Grupos'!AW7,'Pollas Fase de Grupos'!$AV$2,IF('Pollas Fase de Grupos'!AW7>'Pollas Fase de Grupos'!AV7,'Pollas Fase de Grupos'!$AW$2,"EMPATE")) -> Francia | AU7: =PUNTAJE_GANADORES('Pollas Fase de Grupos'!AV7,'Resultados Oficiales Fase de Gr'!$D$31,'Pollas Fase de Grupos'!AW7,'Resultados Oficiales Fase de Gr'!$E$31,AT7,'Resultados Oficiales Fase de Gr'!$G$31) -> 1 | AV7: =IF('Pollas Fase de Grupos'!AX7>'Pollas Fase de Grupos'!AY7,'Pollas Fase de Grupos'!$AX$2,IF('Pollas Fase de Grupos'!AY7>'Pollas Fase de Grupos'!AX7,'Pollas Fase de Grupos'!$AY$2,"EMPATE")) -> EMPATE | AW7: =PUNTAJE_GANADORES('Pollas Fase de Grupos'!AX7,'Resultados Oficiales Fase de Gr'!$D$32,'Pollas Fase de Grupos'!AY7,'Resultados Oficiales Fase de Gr'!$E$32,AV7,'Resultados Oficiales Fase de Gr'!$G$32) -> 1 | AX7: =IF('Pollas Fase de Grupos'!AZ7>'Pollas Fase de Grupos'!BA7,'Pollas Fase de Grupos'!$AZ$2,IF('Pollas Fase de Grupos'!BA7>'Pollas Fase de Grupos'!AZ7,'Pollas Fase de Grupos'!$BA$2,"EMPATE")) -> España | AY7: =PUNTAJE_GANADORES('Pollas Fase de Grupos'!AZ7,'Resultados Oficiales Fase de Gr'!$D$35,'Pollas Fase de Grupos'!BA7,'Resultados Oficiales Fase de Gr'!$E$35,AX7,'Resultados Oficiales Fase de Gr'!$G$35) -> 1 | AZ7: =IF('Pollas Fase de Grupos'!BB7>'Pollas Fase de Grupos'!BC7,'Pollas Fase de Grupos'!$BB$2,IF('Pollas Fase de Grupos'!BC7>'Pollas Fase de Grupos'!BB7,'Pollas Fase de Grupos'!$BC$2,"EMPATE")) -> Alemania | BA7: =PUNTAJE_GANADORES('Pollas Fase de Grupos'!BB7,'Resultados Oficiales Fase de Gr'!$D$36,'Pollas Fase de Grupos'!BC7,'Resultados Oficiales Fase de Gr'!$E$36,AZ7,'Resultados Oficiales Fase de Gr'!$G$36) -> 1 | BB7: =IF('Pollas Fase de Grupos'!BD7>'Pollas Fase de Grupos'!BE7,'Pollas Fase de Grupos'!$BD$2,IF('Pollas Fase de Grupos'!BE7>'Pollas Fase de Grupos'!BD7,'Pollas Fase de Grupos'!$BE$2,"EMPATE")) -> EMPATE | BC7: =PUNTAJE_GANADORES('Pollas Fase de Grupos'!BD7,'Resultados Oficiales Fase de Gr'!$D$37,'Pollas Fase de Grupos'!BE7,'Resultados Oficiales Fase de Gr'!$E$37,BB7,'Resultados Oficiales Fase de Gr'!$G$37) -> 1 | BD7: =IF('Pollas Fase de Grupos'!BF7>'Pollas Fase de Grupos'!BG7,'Pollas Fase de Grupos'!$BF$2,IF('Pollas Fase de Grupos'!BG7>'Pollas Fase de Grupos'!BF7,'Pollas Fase de Grupos'!$BG$2,"EMPATE")) -> Japon | BE7: =PUNTAJE_GANADORES('Pollas Fase de Grupos'!BF7,'Resultados Oficiales Fase de Gr'!$D$38,'Pollas Fase de Grupos'!BG7,'Resultados Oficiales Fase de Gr'!$E$38,BD7,'Resultados Oficiales Fase de Gr'!$G$38) -> 0 | BF7: =IF('Pollas Fase de Grupos'!BH7>'Pollas Fase de Grupos'!BI7,'Pollas Fase de Grupos'!$BH$2,IF('Pollas Fase de Grupos'!BI7>'Pollas Fase de Grupos'!BH7,'Pollas Fase de Grupos'!$BI$2,"EMPATE")) -> España | BG7: =PUNTAJE_GANADORES('Pollas Fase de Grupos'!BH7,'Resultados Oficiales Fase de Gr'!$D$39,'Pollas Fase de Grupos'!BI7,'Resultados Oficiales Fase de Gr'!$E$39,BF7,'Resultados Oficiales Fase de Gr'!$G$39) -> 0 | BH7: =IF('Pollas Fase de Grupos'!BJ7>'Pollas Fase de Grupos'!BK7,'Pollas Fase de Grupos'!$BJ$2,IF('Pollas Fase de Grupos'!BK7>'Pollas Fase de Grupos'!BJ7,'Pollas Fase de Grupos'!$BK$2,"EMPATE")) -> Alemania | BI7: =PUNTAJE_GANADORES('Pollas Fase de Grupos'!BJ7,'Resultados Oficiales Fase de Gr'!$D$40,'Pollas Fase de Grupos'!BK7,'Resultados Oficiales Fase de Gr'!$E$40,BH7,'Resultados Oficiales Fase de Gr'!$G$40) -> 3 | BJ7: =IF('Pollas Fase de Grupos'!BL7>'Pollas Fase de Grupos'!BM7,'Pollas Fase de Grupos'!$BL$2,IF('Pollas Fase de Grupos'!BM7>'Pollas Fase de Grupos'!BL7,'Pollas Fase de Grupos'!$BM$2,"EMPATE")) -> Belgica | BK7: =PUNTAJE_GANADORES('Pollas Fase de Grupos'!BL7,'Resultados Oficiales Fase de Gr'!$D$43,'Pollas Fase de Grupos'!BM7,'Resultados Oficiales Fase de Gr'!$E$43,BJ7,'Resultados Oficiales Fase de Gr'!$G$43) -> 2 | BL7: =IF('Pollas Fase de Grupos'!BN7>'Pollas Fase de Grupos'!BO7,'Pollas Fase de Grupos'!$BN$2,IF('Pollas Fase de Grupos'!BO7>'Pollas Fase de Grupos'!BN7,'Pollas Fase de Grupos'!$BO$2,"EMPATE")) -> Croacia | BM7: =PUNTAJE_GANADORES('Pollas Fase de Grupos'!BN7,'Resultados Oficiales Fase de Gr'!$D$44,'Pollas Fase de Grupos'!BO7,'Resultados Oficiales Fase de Gr'!$E$44,BL7,'Resultados Oficiales Fase de Gr'!$G$44) -> 0 | BN7: =IF('Pollas Fase de Grupos'!BP7>'Pollas Fase de Grupos'!BQ7,'Pollas Fase de Grupos'!$BP$2,IF('Pollas Fase de Grupos'!BQ7>'Pollas Fase de Grupos'!BP7,'Pollas Fase de Grupos'!$BQ$2,"EMPATE")) -> EMPATE | BO7: =PUNTAJE_GANADORES('Pollas Fase de Grupos'!BP7,'Resultados Oficiales Fase de Gr'!$D$45,'Pollas Fase de Grupos'!BQ7,'Resultados Oficiales Fase de Gr'!$E$45,BN7,'Resultados Oficiales Fase de Gr'!$G$45) -> 0 | BP7: =IF('Pollas Fase de Grupos'!BR7>'Pollas Fase de Grupos'!BS7,'Pollas Fase de Grupos'!$BR$2,IF('Pollas Fase de Grupos'!BS7>'Pollas Fase de Grupos'!BR7,'Pollas Fase de Grupos'!$BS$2,"EMPATE")) -> EMPATE | BQ7: =PUNTAJE_GANADORES('Pollas Fase de Grupos'!BR7,'Resultados Oficiales Fase de Gr'!$D$46,'Pollas Fase de Grupos'!BS7,'Resultados Oficiales Fase de Gr'!$E$46,BP7,'Resultados Oficiales Fase de Gr'!$G$46) -> 0 | BR7: =IF('Pollas Fase de Grupos'!BT7>'Pollas Fase de Grupos'!BU7,'Pollas Fase de Grupos'!$BT$2,IF('Pollas Fase de Grupos'!BU7>'Pollas Fase de Grupos'!BT7,'Pollas Fase de Grupos'!$BU$2,"EMPATE")) -> Croacia | BS7: =PUNTAJE_GANADORES('Pollas Fase de Grupos'!BT7,'Resultados Oficiales Fase de Gr'!$D$47,'Pollas Fase de Grupos'!BU7,'Resultados Oficiales Fase de Gr'!$E$47,BR7,'Resultados Oficiales Fase de Gr'!$G$47) -> 1 | BT7: =IF('Pollas Fase de Grupos'!BV7>'Pollas Fase de Grupos'!BW7,'Pollas Fase de Grupos'!$BV$2,IF('Pollas Fase de Grupos'!BW7>'Pollas Fase de Grupos'!BV7,'Pollas Fase de Grupos'!$BW$2,"EMPATE")) -> Canada | BU7: =PUNTAJE_GANADORES('Pollas Fase de Grupos'!BV7,'Resultados Oficiales Fase de Gr'!$D$48,'Pollas Fase de Grupos'!BW7,'Resultados Oficiales Fase de Gr'!$E$48,BT7,'Resultados Oficiales Fase de Gr'!$G$48) -> 0 | BV7: =IF('Pollas Fase de Grupos'!BX7>'Pollas Fase de Grupos'!BY7,'Pollas Fase de Grupos'!$BX$2,IF('Pollas Fase de Grupos'!BY7>'Pollas Fase de Grupos'!BX7,'Pollas Fase de Grupos'!$BY$2,"EMPATE")) -> Brasil | BW7: =PUNTAJE_GANADORES('Pollas Fase de Grupos'!BX7,'Resultados Oficiales Fase de Gr'!$D$51,'Pollas Fase de Grupos'!BY7,'Resultados Oficiales Fase de Gr'!$E$51,BV7,'Resultados Oficiales Fase de Gr'!$G$51) -> 3 | BX7: =IF('Pollas Fase de Grupos'!BZ7>'Pollas Fase de Grupos'!CA7,'Pollas Fase de Grupos'!$BZ$2,IF('Pollas Fase de Grupos'!CA7>'Pollas Fase de Grupos'!BZ7,'Pollas Fase de Grupos'!$CA$2,"EMPATE")) -> Camerun | BY7: =PUNTAJE_GANADORES('Pollas Fase de Grupos'!BZ7,'Resultados Oficiales Fase de Gr'!$D$52,'Pollas Fase de Grupos'!CA7,'Resultados Oficiales Fase de Gr'!$E$52,BX7,'Resultados Oficiales Fase de Gr'!$G$52) -> 1 | BZ7: =IF('Pollas Fase de Grupos'!CB7>'Pollas Fase de Grupos'!CC7,'Pollas Fase de Grupos'!$CB$2,IF('Pollas Fase de Grupos'!CC7>'Pollas Fase de Grupos'!CB7,'Pollas Fase de Grupos'!$CC$2,"EMPATE")) -> Brasil | CA7: =PUNTAJE_GANADORES('Pollas Fase de Grupos'!CB7,'Resultados Oficiales Fase de Gr'!$D$53,'Pollas Fase de Grupos'!CC7,'Resultados Oficiales Fase de Gr'!$E$53,BZ7,'Resultados Oficiales Fase de Gr'!$G$53) -> 3 | CB7: =IF('Pollas Fase de Grupos'!CD7>'Pollas Fase de Grupos'!CE7,'Pollas Fase de Grupos'!$CD$2,IF('Pollas Fase de Grupos'!CE7>'Pollas Fase de Grupos'!CD7,'Pollas Fase de Grupos'!$CE$2,"EMPATE")) -> Camerun | CC7: =PUNTAJE_GANADORES('Pollas Fase de Grupos'!CD7,'Resultados Oficiales Fase de Gr'!$D$54,'Pollas Fase de Grupos'!CE7,'Resultados Oficiales Fase de Gr'!$E$54,CB7,'Resultados Oficiales Fase de Gr'!$G$54) -> 0 | CD7: =IF('Pollas Fase de Grupos'!CF7>'Pollas Fase de Grupos'!CG7,'Pollas Fase de Grupos'!$CF$2,IF('Pollas Fase de Grupos'!CG7>'Pollas Fase de Grupos'!CF7,'Pollas Fase de Grupos'!$CG$2,"EMPATE")) -> Brasil | CE7: =PUNTAJE_GANADORES('Pollas Fase de Grupos'!CF7,'Resultados Oficiales Fase de Gr'!$D$55,'Pollas Fase de Grupos'!CG7,'Resultados Oficiales Fase de Gr'!$E$55,CD7,'Resultados Oficiales Fase de Gr'!$G$55) -> 0 | CF7: =IF('Pollas Fase de Grupos'!CH7>'Pollas Fase de Grupos'!CI7,'Pollas Fase de Grupos'!$CH$2,IF('Pollas Fase de Grupos'!CI7>'Pollas Fase de Grupos'!CH7,'Pollas Fase de Grupos'!$CI$2,"EMPATE")) -> EMPATE | CG7: =PUNTAJE_GANADORES('Pollas Fase de Grupos'!CH7,'Resultados Oficiales Fase de Gr'!$D$56,'Pollas Fase de Grupos'!CI7,'Resultados Oficiales Fase de Gr'!$E$56,CF7,'Resultados Oficiales Fase de Gr'!$G$56) -> 0 | CH7: =IF('Pollas Fase de Grupos'!CJ7>'Pollas Fase de Grupos'!CK7,'Pollas Fase de Grupos'!$CJ$2,IF('Pollas Fase de Grupos'!CK7>'Pollas Fase de Grupos'!CJ7,'Pollas Fase de Grupos'!$CK$2,"EMPATE")) -> Portugal | CI7: =PUNTAJE_GANADORES('Pollas Fase de Grupos'!CJ7,'Resultados Oficiales Fase de Gr'!$D$59,'Pollas Fase de Grupos'!CK7,'Resultados Oficiales Fase de Gr'!$E$59,CH7,'Resultados Oficiales Fase de Gr'!$G$59) -> 2 | CJ7: =IF('Pollas Fase de Grupos'!CL7>'Pollas Fase de Grupos'!CM7,'Pollas Fase de Grupos'!$CL$2,IF('Pollas Fase de Grupos'!CM7>'Pollas Fase de Grupos'!CL7,'Pollas Fase de Grupos'!$CM$2,"EMPATE")) -> Uruguay | CK7: =PUNTAJE_GANADORES('Pollas Fase de Grupos'!CL7,'Resultados Oficiales Fase de Gr'!$D$60,'Pollas Fase de Grupos'!CM7,'Resultados Oficiales Fase de Gr'!$E$60,CJ7,'Resultados Oficiales Fase de Gr'!$G$60) -> 0 | CL7: =IF('Pollas Fase de Grupos'!CN7>'Pollas Fase de Grupos'!CO7,'Pollas Fase de Grupos'!$CN$2,IF('Pollas Fase de Grupos'!CO7>'Pollas Fase de Grupos'!CN7,'Pollas Fase de Grupos'!$CO$2,"EMPATE")) -> EMPATE | CM7: =PUNTAJE_GANADORES('Pollas Fase de Grupos'!CN7,'Resultados Oficiales Fase de Gr'!$D$61,'Pollas Fase de Grupos'!CO7,'Resultados Oficiales Fase de Gr'!$E$61,CL7,'Resultados Oficiales Fase de Gr'!$G$61) -> 1 | CN7: =IF('Pollas Fase de Grupos'!CP7>'Pollas Fase de Grupos'!CQ7,'Pollas Fase de Grupos'!$CP$2,IF('Pollas Fase de Grupos'!CQ7>'Pollas Fase de Grupos'!CP7,'Pollas Fase de Grupos'!$CQ$2,"EMPATE")) -> Corea del Sur | CO7: =PUNTAJE_GANADORES('Pollas Fase de Grupos'!CP7,'Resultados Oficiales Fase de Gr'!$D$62,'Pollas Fase de Grupos'!CQ7,'Resultados Oficiales Fase de Gr'!$E$62,CN7,'Resultados Oficiales Fase de Gr'!$G$62) -> 1 | CP7: =IF('Pollas Fase de Grupos'!CR7>'Pollas Fase de Grupos'!CS7,'Pollas Fase de Grupos'!$CR$2,IF('Pollas Fase de Grupos'!CS7>'Pollas Fase de Grupos'!CR7,'Pollas Fase de Grupos'!$CS$2,"EMPATE")) -> Portugal | CQ7: =PUNTAJE_GANADORES('Pollas Fase de Grupos'!CR7,'Resultados Oficiales Fase de Gr'!$D$63,'Pollas Fase de Grupos'!CS7,'Resultados Oficiales Fase de Gr'!$E$63,CP7,'Resultados Oficiales Fase de Gr'!$G$63) -> 0 | CR7: =IF('Pollas Fase de Grupos'!CT7>'Pollas Fase de Grupos'!CU7,'Pollas Fase de Grupos'!$CT$2,IF('Pollas Fase de Grupos'!CU7>'Pollas Fase de Grupos'!CT7,'Pollas Fase de Grupos'!$CU$2,"EMPATE")) -> EMPATE | CS7: =PUNTAJE_GANADORES('Pollas Fase de Grupos'!CT7,'Resultados Oficiales Fase de Gr'!$D$64,'Pollas Fase de Grupos'!CU7,'Resultados Oficiales Fase de Gr'!$E$64,CR7,'Resultados Oficiales Fase de Gr'!$G$64) -> 1 | CT7: =SUM(CS7,CQ7,CO7,CM7,CK7,CI7,CG7,CE7,CC7,CA7,BY7,BW7,BU7,BS7,BQ7,BO7,BM7,BK7,BI7,BG7,BE7,BC7,BA7,AY7,AW7,AU7,AS7,AQ7,AO7,AM7,AK7,AI7,AG7,AE7,AC7,AA7,Y7,W7,U7,S7,Q7,O7,M7,K7,I7,G7,E7,C7) -> 69 | CU7: 49 | CV7: =SUM(CU7,K7,M7,W7,Y7,AW7,AU7,AI7,AK7,BS7,BU7,BG7,BI7,CS7,CQ7,CG7,CE7) -> 71
